python_expression,natural_language
(12 + 3 + 37) * 14 - 15,"add 12, 3, and 37, multiply that sum by 14, then subtract 15."
(20 * 12 * 4) + 26,"multiply 20, 12, and 4 together, then add 26."
(8 + 13) + (42 * 38) - 9,"add 8 and 13, multiply 42 by 38, add the results, then subtract 9."
7 * (25 + 8 + 9) - 13,"add 25, 8, and 9, multiply that by 7, then subtract 13."
25 * 12 + 36 - 32,"multiply 25 by 12, then add 36, then subtract 32."
(8 + 18) + (39 * 4) - 21,"add 8 and 18, multiply 39 by 4, add the results, then subtract 21."
(35 + 32) * 8 - (22 + 22),"add 35 and 32, multiply that by 8, then subtract the sum of 22 and 22."
(39 + 6) * 40 - (2 + 20),"add 39 and 6, multiply that by 40, then subtract the sum of 2 and 20."
(29 * 40) - (5 + 44),"multiply 29 by 40, then subtract the sum of 5 and 44."
(17 + 37) * (30 + 47) - 38,"add 17 and 37, add 30 and 47, multiply the sums, then subtract 38."
((34 + 29 + 28) - 35) * 3,"add 34, 29, and 28, subtract 35 from that sum, then multiply the result by 3."
(21 * 27 * 27) + 11,"multiply 21, 27, and 27 together, then add 11."
(49 * (15 + 18)) - 13,"add 15 and 18, multiply that by 49, then subtract 13."
28 * 29 * 20 - 11 + 22,"multiply 28, 29, and 20 together, then subtract 11, then add 22."
(45 + (21 * 14)) - 18,"multiply 21 by 14, add 45 to that, then subtract 18."
(39 * 47) - (40 + 24),"multiply 39 by 47, then subtract the sum of 40 and 24."
(5 * 5 * 10) + 21,"multiply 5, 5, and 10 together, then add 21."
37 * (30 + 17 + 9) - 5,"add 30, 17, and 9, multiply that by 37, then subtract 5."
((4 - 16) * (44 - 8)),"take 4 minus 16, take 44 minus 8, then multiply the two results."
((19 + 12) * (4 + 7)),"add 19 and 12, add 4 and 7, then multiply the two results."
16 + 21 + 56 + 30 + 39,"add 16, 21, 56, 30, and 39."
(18 + 26) * (11 + 5) - 7,"add 18 and 26, add 11 and 5, multiply the sums, then subtract 7."
(4 + 13) + (39 * 32) - 39,"add 4 and 13, multiply 39 by 32, add the results, then subtract 39."
9 * (47 + 12) + 38,"add 47 and 12, multiply that by 9, then add 38."
(48 * (42 + 20)) - 10,"add 42 and 20, multiply that by 48, then subtract 10."
(16 + 7) * 25 + 14 - 18,"add 16 and 7, multiply that by 25, then add 14, then subtract 18."
((11 - 8) * (27 - 47)),"take 11 minus 8, take 27 minus 47, then multiply the two results."
((43 - 9) * (25 - 31)),"take 43 minus 9, take 25 minus 31, then multiply the two results."
1 * (4 + 39 + 37) - 33,"add 4, 39, and 37, multiply that by 1, then subtract 33."
(18 + 19) * (20 + 23) - 39,"add 18 and 19, add 20 and 23, multiply the sums, then subtract 39."
(31 + 6) * 7 + 40 - 23,"add 31 and 6, multiply that by 7, then add 40, then subtract 23."
15 * (29 + 28) + 8,"add 29 and 28, multiply that by 15, then add 8."
(41 + 9) + (40 * 44) - 25,"add 41 and 9, multiply 40 by 44, add the results, then subtract 25."
30 * 21 * 19 - 9 + 27,"multiply 30, 21, and 19 together, then subtract 9, then add 27."
(35 + 32) + (41 * 9) - 22,"add 35 and 32, multiply 41 by 9, add the results, then subtract 22."
19 + 7 + 48 + 50 + 51,"add 19, 7, 48, 50, and 51."
1 * (26 + 6 + 27) - 35,"add 26, 6, and 27, multiply that by 1, then subtract 35."
((7 + 8 + 37) - 32) * 34,"add 7, 8, and 37, subtract 32 from that sum, then multiply the result by 34."
(20 * 27 * 8) + 16,"multiply 20, 27, and 8 together, then add 16."
((29 - 11) * (2 - 36)),"take 29 minus 11, take 2 minus 36, then multiply the two results."
9 * 20 * 3 - 18 + 4,"multiply 9, 20, and 3 together, then subtract 18, then add 4."
(22 + 19) * 6 + 6 - 34,"add 22 and 19, multiply that by 6, then add 6, then subtract 34."
((16 + 6 + 8) - 2) * 2,"add 16, 6, and 8, subtract 2 from that sum, then multiply the result by 2."
(36 + 3) + (42 * 40) - 6,"add 36 and 3, multiply 42 by 40, add the results, then subtract 6."
(23 + (43 * 16)) - 49,"multiply 43 by 16, add 23 to that, then subtract 49."
(47 + 3) * (49 - 42) + 50,"add 47 and 3, subtract 42 from 49, multiply the two results, then add 50."
(47 - 7) * (26 + 11) + 31,"subtract 7 from 47, add 26 and 11, multiply the two results, then add 31."
42 * 12 + 15 - 37,"multiply 42 by 12, then add 15, then subtract 37."
((35 + 39 + 29) - 6) * 8,"add 35, 39, and 29, subtract 6 from that sum, then multiply the result by 8."
(19 + (23 * 44)) - 46,"multiply 23 by 44, add 19 to that, then subtract 46."
((23 + 22 + 6) - 33) * 23,"add 23, 22, and 6, subtract 33 from that sum, then multiply the result by 23."
((11 - 43) * (29 - 7)),"take 11 minus 43, take 29 minus 7, then multiply the two results."
(4 + 35 + 3) * 18 - 15,"add 4, 35, and 3, multiply that sum by 18, then subtract 15."
((17 - 37) * (19 - 29)),"take 17 minus 37, take 19 minus 29, then multiply the two results."
(6 + 19) * (38 + 44) - 41,"add 6 and 19, add 38 and 44, multiply the sums, then subtract 41."
((30 + 10 + 12) - 36) * 29,"add 30, 10, and 12, subtract 36 from that sum, then multiply the result by 29."
(24 * 7 * 26) + 14,"multiply 24, 7, and 26 together, then add 14."
((39 + 7 + 8) - 17) * 31,"add 39, 7, and 8, subtract 17 from that sum, then multiply the result by 31."
(29 * 3 * 12) + 9,"multiply 29, 3, and 12 together, then add 9."
29 * (40 + 12) + 27,"add 40 and 12, multiply that by 29, then add 27."
(34 + 30) * 13 + 21 - 30,"add 34 and 30, multiply that by 13, then add 21, then subtract 30."
((40 + 36 + 18) - 16) * 21,"add 40, 36, and 18, subtract 16 from that sum, then multiply the result by 21."
(6 + (3 * 16)) - 12,"multiply 3 by 16, add 6 to that, then subtract 12."
(5 + 2) * (29 + 2) - 20,"add 5 and 2, add 29 and 2, multiply the sums, then subtract 20."
20 + 6 + 57 + 51 + 15,"add 20, 6, 57, 51, and 15."
7 * (16 + 28 + 40) - 13,"add 16, 28, and 40, multiply that by 7, then subtract 13."
1 * 17 * 28 - 23 + 12,"multiply 1, 17, and 28 together, then subtract 23, then add 12."
(6 + 12) * (31 - 10) + 4,"add 6 and 12, subtract 10 from 31, multiply the two results, then add 4."
25 * 31 + 1 - 22,"multiply 25 by 31, then add 1, then subtract 22."
(31 + 31) * 40 - (8 + 34),"add 31 and 31, multiply that by 40, then subtract the sum of 8 and 34."
31 * 10 + 38 - 13,"multiply 31 by 10, then add 38, then subtract 13."
(1 * 10) - (6 + 8),"multiply 1 by 10, then subtract the sum of 6 and 8."
11 * 29 * 7 - 1 + 22,"multiply 11, 29, and 7 together, then subtract 1, then add 22."
(5 + 26 + 39) * 32 - 21,"add 5, 26, and 39, multiply that sum by 32, then subtract 21."
(6 * 22 * 7) + 19,"multiply 6, 22, and 7 together, then add 19."
(31 + 31) * (38 - 23) + 50,"add 31 and 31, subtract 23 from 38, multiply the two results, then add 50."
10 * (41 + 5) + 5,"add 41 and 5, multiply that by 10, then add 5."
(37 + 22) + (18 * 45) - 8,"add 37 and 22, multiply 18 by 45, add the results, then subtract 8."
(12 + 3) * (29 - 38) + 9,"add 12 and 3, subtract 38 from 29, multiply the two results, then add 9."
1 * 6 * 22 - 1 + 17,"multiply 1, 6, and 22 together, then subtract 1, then add 17."
(6 + (28 * 7)) - 31,"multiply 28 by 7, add 6 to that, then subtract 31."
(33 + 48) + (24 * 27) - 36,"add 33 and 48, multiply 24 by 27, add the results, then subtract 36."
((13 - 9) * (30 - 41)),"take 13 minus 9, take 30 minus 41, then multiply the two results."
(46 * (11 + 26)) - 6,"add 11 and 26, multiply that by 46, then subtract 6."
((25 + 30) * (28 + 9)),"add 25 and 30, add 28 and 9, then multiply the two results."
(17 + (14 * 32)) - 33,"multiply 14 by 32, add 17 to that, then subtract 33."
(40 + 11) * (32 - 27) + 43,"add 40 and 11, subtract 27 from 32, multiply the two results, then add 43."
18 * 50 + 50 - 32,"multiply 18 by 50, then add 50, then subtract 32."
(2 + 16) * (12 - 28) + 48,"add 2 and 16, subtract 28 from 12, multiply the two results, then add 48."
(39 + 37) * 31 + 6 - 40,"add 39 and 37, multiply that by 31, then add 6, then subtract 40."
((31 - 12) * (5 - 9)),"take 31 minus 12, take 5 minus 9, then multiply the two results."
(18 + 9) * 39 - (30 + 18),"add 18 and 9, multiply that by 39, then subtract the sum of 30 and 18."
(22 + 3) + (27 * 23) - 38,"add 22 and 3, multiply 27 by 23, add the results, then subtract 38."
(1 - 31) * (17 + 12) + 38,"subtract 31 from 1, add 17 and 12, multiply the two results, then add 38."
(20 * 25 * 22) + 12,"multiply 20, 25, and 22 together, then add 12."
(4 + 1) * 14 - (31 + 34),"add 4 and 1, multiply that by 14, then subtract the sum of 31 and 34."
58 + 57 + 40 + 58 + 8,"add 58, 57, 40, 58, and 8."
(11 + 23) * 40 + 24 - 26,"add 11 and 23, multiply that by 40, then add 24, then subtract 26."
(26 + 4) * 13 + 39 - 23,"add 26 and 4, multiply that by 13, then add 39, then subtract 23."
1 * (4 + 12 + 24) - 13,"add 4, 12, and 24, multiply that by 1, then subtract 13."
10 * (2 + 18) + 47,"add 2 and 18, multiply that by 10, then add 47."
(20 + 10) + (37 * 34) - 38,"add 20 and 10, multiply 37 by 34, add the results, then subtract 38."
(8 + 30 + 7) * 21 - 1,"add 8, 30, and 7, multiply that sum by 21, then subtract 1."
46 * (13 + 44) + 36,"add 13 and 44, multiply that by 46, then add 36."
(41 - 18) * (28 + 23) + 6,"subtract 18 from 41, add 28 and 23, multiply the two results, then add 6."
(25 + 12 + 30) * 8 - 19,"add 25, 12, and 30, multiply that sum by 8, then subtract 19."
26 + 25 + 29 + 46 + 60,"add 26, 25, 29, 46, and 60."
(17 * 21) - (34 + 12),"multiply 17 by 21, then subtract the sum of 34 and 12."
(17 - 44) * (41 + 38) + 26,"subtract 44 from 17, add 41 and 38, multiply the two results, then add 26."
(6 * (1 + 23)) - 37,"add 1 and 23, multiply that by 6, then subtract 37."
(18 + 15) + (34 * 33) - 16,"add 18 and 15, multiply 34 by 33, add the results, then subtract 16."
39 * 41 + 37 - 35,"multiply 39 by 41, then add 37, then subtract 35."
((15 - 13) * (50 - 33)),"take 15 minus 13, take 50 minus 33, then multiply the two results."
(8 - 9) * (31 + 9) + 50,"subtract 9 from 8, add 31 and 9, multiply the two results, then add 50."
(7 * (23 + 32)) - 37,"add 23 and 32, multiply that by 7, then subtract 37."
((18 + 16 + 40) - 19) * 25,"add 18, 16, and 40, subtract 19 from that sum, then multiply the result by 25."
(37 + 25) * (31 - 49) + 33,"add 37 and 25, subtract 49 from 31, multiply the two results, then add 33."
(37 + 6) * (49 - 9) + 15,"add 37 and 6, subtract 9 from 49, multiply the two results, then add 15."
(34 + 1) * 37 + 3 - 6,"add 34 and 1, multiply that by 37, then add 3, then subtract 6."
4 * 4 * 29 - 27 + 9,"multiply 4, 4, and 29 together, then subtract 27, then add 9."
27 + 48 + 7 + 27 + 34,"add 27, 48, 7, 27, and 34."
(28 * 20 * 12) + 6,"multiply 28, 20, and 12 together, then add 6."
(24 + 39) * (41 + 14) - 1,"add 24 and 39, add 41 and 14, multiply the sums, then subtract 1."
((11 + 14 + 25) - 18) * 28,"add 11, 14, and 25, subtract 18 from that sum, then multiply the result by 28."
(24 + 1) * 10 - (28 + 10),"add 24 and 1, multiply that by 10, then subtract the sum of 28 and 10."
(29 * 3) - (47 + 48),"multiply 29 by 3, then subtract the sum of 47 and 48."
(48 - 28) * (9 + 40) + 4,"subtract 28 from 48, add 9 and 40, multiply the two results, then add 4."
(3 + 12 + 18) * 1 - 28,"add 3, 12, and 18, multiply that sum by 1, then subtract 28."
45 + 47 + 6 + 53 + 16,"add 45, 47, 6, 53, and 16."
(1 + 19) * 22 + 37 - 25,"add 1 and 19, multiply that by 22, then add 37, then subtract 25."
(44 * (41 - 5)) + 30,"subtract 5 from 41, multiply that by 44, then add 30."
(39 * (32 - 27)) + 19,"subtract 27 from 32, multiply that by 39, then add 19."
(18 * (32 + 7)) - 21,"add 32 and 7, multiply that by 18, then subtract 21."
1 * 8 * 19 - 12 + 23,"multiply 1, 8, and 19 together, then subtract 12, then add 23."
((19 - 21) * (29 - 24)),"take 19 minus 21, take 29 minus 24, then multiply the two results."
(12 + 23) * (22 + 49) - 33,"add 12 and 23, add 22 and 49, multiply the sums, then subtract 33."
(3 * (34 + 21)) - 33,"add 34 and 21, multiply that by 3, then subtract 33."
(3 + (23 * 15)) - 18,"multiply 23 by 15, add 3 to that, then subtract 18."
38 * (35 + 3) + 9,"add 35 and 3, multiply that by 38, then add 9."
((15 + 48) * (26 + 2)),"add 15 and 48, add 26 and 2, then multiply the two results."
((38 - 22) * (25 - 17)),"take 38 minus 22, take 25 minus 17, then multiply the two results."
(31 * (23 - 24)) + 3,"subtract 24 from 23, multiply that by 31, then add 3."
((10 + 27) * (47 + 44)),"add 10 and 27, add 47 and 44, then multiply the two results."
(24 + (10 * 29)) - 23,"multiply 10 by 29, add 24 to that, then subtract 23."
(38 + 2) + (44 * 49) - 31,"add 38 and 2, multiply 44 by 49, add the results, then subtract 31."
(32 * (14 + 24)) - 6,"add 14 and 24, multiply that by 32, then subtract 6."
(16 * (20 - 21)) + 41,"subtract 21 from 20, multiply that by 16, then add 41."
10 * (25 + 39) + 32,"add 25 and 39, multiply that by 10, then add 32."
(4 * 3 * 24) + 11,"multiply 4, 3, and 24 together, then add 11."
(34 + 14) * 8 + 20 - 9,"add 34 and 14, multiply that by 8, then add 20, then subtract 9."
(35 + 46) * (39 + 44) - 25,"add 35 and 46, add 39 and 44, multiply the sums, then subtract 25."
(40 * 11) - (45 + 6),"multiply 40 by 11, then subtract the sum of 45 and 6."
(33 + 39 + 25) * 24 - 12,"add 33, 39, and 25, multiply that sum by 24, then subtract 12."
47 * 35 + 27 - 4,"multiply 47 by 35, then add 27, then subtract 4."
14 * (19 + 18 + 28) - 20,"add 19, 18, and 28, multiply that by 14, then subtract 20."
(28 + 12 + 39) * 5 - 40,"add 28, 12, and 39, multiply that sum by 5, then subtract 40."
((29 + 41) * (4 + 39)),"add 29 and 41, add 4 and 39, then multiply the two results."
(28 * 45) - (15 + 33),"multiply 28 by 45, then subtract the sum of 15 and 33."
(19 * 41) - (40 + 46),"multiply 19 by 41, then subtract the sum of 40 and 46."
(45 * (45 + 6)) - 14,"add 45 and 6, multiply that by 45, then subtract 14."
(5 * 9) - (22 + 32),"multiply 5 by 9, then subtract the sum of 22 and 32."
35 * (18 + 7) + 11,"add 18 and 7, multiply that by 35, then add 11."
((16 + 35 + 9) - 31) * 32,"add 16, 35, and 9, subtract 31 from that sum, then multiply the result by 32."
(1 + 9) * 1 + 25 - 33,"add 1 and 9, multiply that by 1, then add 25, then subtract 33."
39 + 12 + 4 + 21 + 1,"add 39, 12, 4, 21, and 1."
(50 + (4 * 36)) - 3,"multiply 4 by 36, add 50 to that, then subtract 3."
39 * (35 + 45) + 31,"add 35 and 45, multiply that by 39, then add 31."
(39 * 22) - (13 + 13),"multiply 39 by 22, then subtract the sum of 13 and 13."
(39 * 21) - (45 + 46),"multiply 39 by 21, then subtract the sum of 45 and 46."
(20 + (3 * 37)) - 3,"multiply 3 by 37, add 20 to that, then subtract 3."
(16 * (37 + 44)) - 17,"add 37 and 44, multiply that by 16, then subtract 17."
18 * (31 + 14 + 4) - 25,"add 31, 14, and 4, multiply that by 18, then subtract 25."
(40 + 48) * (30 - 34) + 8,"add 40 and 48, subtract 34 from 30, multiply the two results, then add 8."
35 * (9 + 33 + 21) - 17,"add 9, 33, and 21, multiply that by 35, then subtract 17."
(17 + 23 + 29) * 27 - 9,"add 17, 23, and 29, multiply that sum by 27, then subtract 9."
((47 - 33) * (12 - 26)),"take 47 minus 33, take 12 minus 26, then multiply the two results."
((6 + 19) * (10 + 38)),"add 6 and 19, add 10 and 38, then multiply the two results."
((27 - 45) * (32 - 25)),"take 27 minus 45, take 32 minus 25, then multiply the two results."
(2 - 27) * (38 + 28) + 22,"subtract 27 from 2, add 38 and 28, multiply the two results, then add 22."
(11 * (21 + 4)) - 1,"add 21 and 4, multiply that by 11, then subtract 1."
(9 + 32) * (29 - 37) + 3,"add 9 and 32, subtract 37 from 29, multiply the two results, then add 3."
17 * 5 + 45 - 10,"multiply 17 by 5, then add 45, then subtract 10."
(37 * (14 - 26)) + 50,"subtract 26 from 14, multiply that by 37, then add 50."
(4 + (24 * 33)) - 44,"multiply 24 by 33, add 4 to that, then subtract 44."
(27 + 37) * 16 - (24 + 17),"add 27 and 37, multiply that by 16, then subtract the sum of 24 and 17."
(40 - 34) * (17 + 1) + 33,"subtract 34 from 40, add 17 and 1, multiply the two results, then add 33."
(8 + 21) * (8 + 40) - 46,"add 8 and 21, add 8 and 40, multiply the sums, then subtract 46."
52 + 8 + 7 + 43 + 29,"add 52, 8, 7, 43, and 29."
(1 + 22) * 39 + 16 - 1,"add 1 and 22, multiply that by 39, then add 16, then subtract 1."
((34 + 10 + 7) - 16) * 13,"add 34, 10, and 7, subtract 16 from that sum, then multiply the result by 13."
(8 + 30) * (29 - 38) + 36,"add 8 and 30, subtract 38 from 29, multiply the two results, then add 36."
(39 * 22) - (14 + 9),"multiply 39 by 22, then subtract the sum of 14 and 9."
7 * 10 * 15 - 9 + 7,"multiply 7, 10, and 15 together, then subtract 9, then add 7."
(44 + 43) * (6 + 12) - 10,"add 44 and 43, add 6 and 12, multiply the sums, then subtract 10."
(8 * (2 + 2)) - 13,"add 2 and 2, multiply that by 8, then subtract 13."
(38 + 29) * (40 - 37) + 35,"add 38 and 29, subtract 37 from 40, multiply the two results, then add 35."
13 * 37 + 22 - 20,"multiply 13 by 37, then add 22, then subtract 20."
17 * (35 + 42) + 40,"add 35 and 42, multiply that by 17, then add 40."
(7 + 11) + (24 * 23) - 21,"add 7 and 11, multiply 24 by 23, add the results, then subtract 21."
23 * 28 * 8 - 20 + 21,"multiply 23, 28, and 8 together, then subtract 20, then add 21."
(1 + 26 + 26) * 5 - 4,"add 1, 26, and 26, multiply that sum by 5, then subtract 4."
36 * (13 + 24) + 10,"add 13 and 24, multiply that by 36, then add 10."
(1 + 13) * 9 + 33 - 30,"add 1 and 13, multiply that by 9, then add 33, then subtract 30."
(22 * (37 - 6)) + 29,"subtract 6 from 37, multiply that by 22, then add 29."
(39 + (18 * 27)) - 26,"multiply 18 by 27, add 39 to that, then subtract 26."
(32 + 40) * 7 - (40 + 39),"add 32 and 40, multiply that by 7, then subtract the sum of 40 and 39."
((6 + 19 + 12) - 36) * 10,"add 6, 19, and 12, subtract 36 from that sum, then multiply the result by 10."
12 * 33 + 27 - 29,"multiply 12 by 33, then add 27, then subtract 29."
(18 + 27) * (49 + 9) - 33,"add 18 and 27, add 49 and 9, multiply the sums, then subtract 33."
(8 - 28) * (26 + 31) + 17,"subtract 28 from 8, add 26 and 31, multiply the two results, then add 17."
(34 + 17) + (45 * 2) - 50,"add 34 and 17, multiply 45 by 2, add the results, then subtract 50."
9 * (19 + 18 + 7) - 19,"add 19, 18, and 7, multiply that by 9, then subtract 19."
(42 + 4) + (34 * 43) - 35,"add 42 and 4, multiply 34 by 43, add the results, then subtract 35."
(4 + 22) * 10 - (3 + 7),"add 4 and 22, multiply that by 10, then subtract the sum of 3 and 7."
25 * 8 * 14 - 5 + 18,"multiply 25, 8, and 14 together, then subtract 5, then add 18."
34 * (31 + 15) + 37,"add 31 and 15, multiply that by 34, then add 37."
(28 + 50) + (6 * 11) - 28,"add 28 and 50, multiply 6 by 11, add the results, then subtract 28."
(7 * 23 * 19) + 28,"multiply 7, 23, and 19 together, then add 28."
(25 - 32) * (2 + 40) + 41,"subtract 32 from 25, add 2 and 40, multiply the two results, then add 41."
(41 * (36 - 44)) + 27,"subtract 44 from 36, multiply that by 41, then add 27."
(30 + (46 * 39)) - 17,"multiply 46 by 39, add 30 to that, then subtract 17."
11 * (5 + 43) + 33,"add 5 and 43, multiply that by 11, then add 33."
39 * (12 + 13 + 14) - 13,"add 12, 13, and 14, multiply that by 39, then subtract 13."
(14 * 26 * 20) + 7,"multiply 14, 26, and 20 together, then add 7."
20 * (2 + 3) + 4,"add 2 and 3, multiply that by 20, then add 4."
((35 + 39) * (44 + 28)),"add 35 and 39, add 44 and 28, then multiply the two results."
((46 + 29) * (44 + 12)),"add 46 and 29, add 44 and 12, then multiply the two results."
(18 + 31) * 24 + 23 - 39,"add 18 and 31, multiply that by 24, then add 23, then subtract 39."
33 * 45 + 37 - 40,"multiply 33 by 45, then add 37, then subtract 40."
(13 * 22 * 18) + 30,"multiply 13, 22, and 18 together, then add 30."
(24 + 24 + 25) * 32 - 8,"add 24, 24, and 25, multiply that sum by 32, then subtract 8."
(12 * 24 * 24) + 15,"multiply 12, 24, and 24 together, then add 15."
(17 + (10 * 8)) - 2,"multiply 10 by 8, add 17 to that, then subtract 2."
3 * (1 + 21 + 3) - 11,"add 1, 21, and 3, multiply that by 3, then subtract 11."
(18 + 23) + (21 * 2) - 7,"add 18 and 23, multiply 21 by 2, add the results, then subtract 7."
(25 * (47 + 16)) - 47,"add 47 and 16, multiply that by 25, then subtract 47."
((45 - 46) * (24 - 9)),"take 45 minus 46, take 24 minus 9, then multiply the two results."
(10 + 26) + (14 * 38) - 13,"add 10 and 26, multiply 14 by 38, add the results, then subtract 13."
(26 + 23 + 2) * 39 - 9,"add 26, 23, and 2, multiply that sum by 39, then subtract 9."
(19 * (36 + 23)) - 16,"add 36 and 23, multiply that by 19, then subtract 16."
(1 * (34 + 32)) - 35,"add 34 and 32, multiply that by 1, then subtract 35."
(6 + 21) * (45 - 15) + 29,"add 6 and 21, subtract 15 from 45, multiply the two results, then add 29."
(7 + 17) + (28 * 8) - 22,"add 7 and 17, multiply 28 by 8, add the results, then subtract 22."
((17 - 39) * (37 - 8)),"take 17 minus 39, take 37 minus 8, then multiply the two results."
(30 * (26 - 31)) + 13,"subtract 31 from 26, multiply that by 30, then add 13."
11 * 23 + 26 - 44,"multiply 11 by 23, then add 26, then subtract 44."
(7 + 41) * (8 - 49) + 35,"add 7 and 41, subtract 49 from 8, multiply the two results, then add 35."
(27 + 10 + 8) * 1 - 9,"add 27, 10, and 8, multiply that sum by 1, then subtract 9."
19 * 27 * 3 - 7 + 3,"multiply 19, 27, and 3 together, then subtract 7, then add 3."
((19 + 45) * (17 + 42)),"add 19 and 45, add 17 and 42, then multiply the two results."
27 * 13 + 11 - 35,"multiply 27 by 13, then add 11, then subtract 35."
(11 * 21) - (3 + 24),"multiply 11 by 21, then subtract the sum of 3 and 24."
5 * (25 + 32 + 17) - 11,"add 25, 32, and 17, multiply that by 5, then subtract 11."
((12 - 6) * (37 - 3)),"take 12 minus 6, take 37 minus 3, then multiply the two results."
(18 * 34) - (6 + 23),"multiply 18 by 34, then subtract the sum of 6 and 23."
(22 + 35) + (35 * 10) - 44,"add 22 and 35, multiply 35 by 10, add the results, then subtract 44."
(27 + 39) * 38 + 6 - 28,"add 27 and 39, multiply that by 38, then add 6, then subtract 28."
(24 + 33 + 29) * 15 - 23,"add 24, 33, and 29, multiply that sum by 15, then subtract 23."
(33 + 25 + 30) * 10 - 29,"add 33, 25, and 30, multiply that sum by 10, then subtract 29."
50 * (22 + 21) + 40,"add 22 and 21, multiply that by 50, then add 40."
9 * 19 * 3 - 25 + 1,"multiply 9, 19, and 3 together, then subtract 25, then add 1."
17 * (16 + 25) + 38,"add 16 and 25, multiply that by 17, then add 38."
32 * (14 + 30 + 5) - 34,"add 14, 30, and 5, multiply that by 32, then subtract 34."
44 * 49 + 17 - 22,"multiply 44 by 49, then add 17, then subtract 22."
(1 + 34) * 38 + 6 - 27,"add 1 and 34, multiply that by 38, then add 6, then subtract 27."
(44 * (37 - 7)) + 49,"subtract 7 from 37, multiply that by 44, then add 49."
20 * (41 + 50) + 10,"add 41 and 50, multiply that by 20, then add 10."
23 * 3 * 27 - 30 + 30,"multiply 23, 3, and 27 together, then subtract 30, then add 30."
(25 + 27) + (9 * 26) - 40,"add 25 and 27, multiply 9 by 26, add the results, then subtract 40."
(23 + 16 + 3) * 29 - 13,"add 23, 16, and 3, multiply that sum by 29, then subtract 13."
(18 - 45) * (14 + 10) + 18,"subtract 45 from 18, add 14 and 10, multiply the two results, then add 18."
(15 * 39) - (50 + 7),"multiply 15 by 39, then subtract the sum of 50 and 7."
(9 + 6) * (21 - 15) + 35,"add 9 and 6, subtract 15 from 21, multiply the two results, then add 35."
14 * 14 * 15 - 10 + 28,"multiply 14, 14, and 15 together, then subtract 10, then add 28."
(38 + 11) * 24 + 19 - 17,"add 38 and 11, multiply that by 24, then add 19, then subtract 17."
((17 + 11) * (46 + 40)),"add 17 and 11, add 46 and 40, then multiply the two results."
((44 - 27) * (29 - 43)),"take 44 minus 27, take 29 minus 43, then multiply the two results."
(19 - 49) * (19 + 24) + 44,"subtract 49 from 19, add 19 and 24, multiply the two results, then add 44."
((9 - 44) * (22 - 12)),"take 9 minus 44, take 22 minus 12, then multiply the two results."
(6 + 19) * 1 - (12 + 19),"add 6 and 19, multiply that by 1, then subtract the sum of 12 and 19."
(13 * (42 - 12)) + 2,"subtract 12 from 42, multiply that by 13, then add 2."
(3 + 15) + (39 * 47) - 11,"add 3 and 15, multiply 39 by 47, add the results, then subtract 11."
30 * 35 + 31 - 23,"multiply 30 by 35, then add 31, then subtract 23."
16 * 1 * 9 - 6 + 6,"multiply 16, 1, and 9 together, then subtract 6, then add 6."
6 * 40 + 38 - 28,"multiply 6 by 40, then add 38, then subtract 28."
17 + 12 + 35 + 42 + 42,"add 17, 12, 35, 42, and 42."
18 * 29 + 3 - 34,"multiply 18 by 29, then add 3, then subtract 34."
(14 * (39 - 12)) + 44,"subtract 12 from 39, multiply that by 14, then add 44."
((34 - 22) * (43 - 11)),"take 34 minus 22, take 43 minus 11, then multiply the two results."
(31 + 12) * (27 - 14) + 11,"add 31 and 12, subtract 14 from 27, multiply the two results, then add 11."
14 * 21 * 7 - 23 + 14,"multiply 14, 21, and 7 together, then subtract 23, then add 14."
(7 * 18) - (3 + 21),"multiply 7 by 18, then subtract the sum of 3 and 21."
27 * 5 + 16 - 45,"multiply 27 by 5, then add 16, then subtract 45."
(37 + 7) * (26 - 18) + 33,"add 37 and 7, subtract 18 from 26, multiply the two results, then add 33."
(38 + 19 + 40) * 34 - 17,"add 38, 19, and 40, multiply that sum by 34, then subtract 17."
(7 + 4 + 30) * 21 - 2,"add 7, 4, and 30, multiply that sum by 21, then subtract 2."
12 * (38 + 15 + 22) - 39,"add 38, 15, and 22, multiply that by 12, then subtract 39."
((14 - 25) * (49 - 4)),"take 14 minus 25, take 49 minus 4, then multiply the two results."
(9 * (37 + 22)) - 28,"add 37 and 22, multiply that by 9, then subtract 28."
6 * (26 + 17 + 31) - 9,"add 26, 17, and 31, multiply that by 6, then subtract 9."
9 * 35 + 4 - 1,"multiply 9 by 35, then add 4, then subtract 1."
(41 * (18 - 40)) + 44,"subtract 40 from 18, multiply that by 41, then add 44."
16 * (34 + 19) + 25,"add 34 and 19, multiply that by 16, then add 25."
(27 + 40) * 30 + 5 - 13,"add 27 and 40, multiply that by 30, then add 5, then subtract 13."
30 + 38 + 34 + 27 + 16,"add 30, 38, 34, 27, and 16."
(19 * (36 - 8)) + 2,"subtract 8 from 36, multiply that by 19, then add 2."
(20 - 48) * (34 + 21) + 21,"subtract 48 from 20, add 34 and 21, multiply the two results, then add 21."
9 * 7 + 18 - 19,"multiply 9 by 7, then add 18, then subtract 19."
(17 * (37 + 42)) - 37,"add 37 and 42, multiply that by 17, then subtract 37."
(9 * (7 + 49)) - 39,"add 7 and 49, multiply that by 9, then subtract 39."
(27 + (1 * 3)) - 33,"multiply 1 by 3, add 27 to that, then subtract 33."
(3 + 49) * (36 + 6) - 19,"add 3 and 49, add 36 and 6, multiply the sums, then subtract 19."
13 * (26 + 11 + 17) - 37,"add 26, 11, and 17, multiply that by 13, then subtract 37."
38 * 5 + 24 - 12,"multiply 38 by 5, then add 24, then subtract 12."
((17 - 11) * (13 - 41)),"take 17 minus 11, take 13 minus 41, then multiply the two results."
((28 + 19 + 11) - 22) * 18,"add 28, 19, and 11, subtract 22 from that sum, then multiply the result by 18."
(20 + 17) * 15 + 34 - 18,"add 20 and 17, multiply that by 15, then add 34, then subtract 18."
(12 + (36 * 7)) - 50,"multiply 36 by 7, add 12 to that, then subtract 50."
(24 + 8) * 4 + 6 - 17,"add 24 and 8, multiply that by 4, then add 6, then subtract 17."
(32 + 13) * 10 - (37 + 14),"add 32 and 13, multiply that by 10, then subtract the sum of 37 and 14."
11 * (4 + 14 + 34) - 11,"add 4, 14, and 34, multiply that by 11, then subtract 11."
39 * 13 + 22 - 17,"multiply 39 by 13, then add 22, then subtract 17."
29 * (27 + 40) + 16,"add 27 and 40, multiply that by 29, then add 16."
(15 * 27 * 16) + 5,"multiply 15, 27, and 16 together, then add 5."
18 * (15 + 29) + 38,"add 15 and 29, multiply that by 18, then add 38."
(7 + 46) + (26 * 7) - 3,"add 7 and 46, multiply 26 by 7, add the results, then subtract 3."
((7 + 9 + 27) - 29) * 13,"add 7, 9, and 27, subtract 29 from that sum, then multiply the result by 13."
((15 - 11) * (26 - 34)),"take 15 minus 11, take 26 minus 34, then multiply the two results."
((26 - 19) * (30 - 42)),"take 26 minus 19, take 30 minus 42, then multiply the two results."
(47 - 23) * (8 + 28) + 14,"subtract 23 from 47, add 8 and 28, multiply the two results, then add 14."
((41 + 15) * (37 + 18)),"add 41 and 15, add 37 and 18, then multiply the two results."
(15 + 10 + 7) * 10 - 30,"add 15, 10, and 7, multiply that sum by 10, then subtract 30."
(39 + (40 * 31)) - 11,"multiply 40 by 31, add 39 to that, then subtract 11."
(23 + 6) * 16 + 5 - 6,"add 23 and 6, multiply that by 16, then add 5, then subtract 6."
(21 + 27) * 6 + 20 - 5,"add 21 and 27, multiply that by 6, then add 20, then subtract 5."
3 * (7 + 26 + 39) - 31,"add 7, 26, and 39, multiply that by 3, then subtract 31."
((25 - 22) * (33 - 46)),"take 25 minus 22, take 33 minus 46, then multiply the two results."
(7 + 28) * (10 - 4) + 11,"add 7 and 28, subtract 4 from 10, multiply the two results, then add 11."
11 * 6 + 42 - 6,"multiply 11 by 6, then add 42, then subtract 6."
(18 + 2) * 33 + 40 - 34,"add 18 and 2, multiply that by 33, then add 40, then subtract 34."
(25 + 21) * 6 + 25 - 24,"add 25 and 21, multiply that by 6, then add 25, then subtract 24."
18 * (20 + 16 + 6) - 36,"add 20, 16, and 6, multiply that by 18, then subtract 36."
(40 * 49) - (33 + 31),"multiply 40 by 49, then subtract the sum of 33 and 31."
(15 * 23 * 13) + 1,"multiply 15, 23, and 13 together, then add 1."
(3 + 38) * 19 - (3 + 15),"add 3 and 38, multiply that by 19, then subtract the sum of 3 and 15."
13 * 4 + 33 - 16,"multiply 13 by 4, then add 33, then subtract 16."
(26 + 7) * (9 + 17) - 1,"add 26 and 7, add 9 and 17, multiply the sums, then subtract 1."
26 * 16 * 11 - 17 + 3,"multiply 26, 16, and 11 together, then subtract 17, then add 3."
(34 + 41) * (33 + 15) - 38,"add 34 and 41, add 33 and 15, multiply the sums, then subtract 38."
(19 + 10) * 10 + 34 - 13,"add 19 and 10, multiply that by 10, then add 34, then subtract 13."
(32 + 24) + (12 * 4) - 15,"add 32 and 24, multiply 12 by 4, add the results, then subtract 15."
((27 + 22) * (22 + 19)),"add 27 and 22, add 22 and 19, then multiply the two results."
(36 * 42) - (37 + 38),"multiply 36 by 42, then subtract the sum of 37 and 38."
(20 * (38 - 2)) + 22,"subtract 2 from 38, multiply that by 20, then add 22."
(31 + 31 + 27) * 22 - 9,"add 31, 31, and 27, multiply that sum by 22, then subtract 9."
((2 - 28) * (11 - 17)),"take 2 minus 28, take 11 minus 17, then multiply the two results."
(8 + 32) * 6 - (18 + 29),"add 8 and 32, multiply that by 6, then subtract the sum of 18 and 29."
(50 * (11 - 42)) + 34,"subtract 42 from 11, multiply that by 50, then add 34."
(26 * (28 + 14)) - 31,"add 28 and 14, multiply that by 26, then subtract 31."
28 * 11 * 16 - 6 + 10,"multiply 28, 11, and 16 together, then subtract 6, then add 10."
(47 + (48 * 18)) - 36,"multiply 48 by 18, add 47 to that, then subtract 36."
30 * (21 + 26 + 31) - 11,"add 21, 26, and 31, multiply that by 30, then subtract 11."
(35 - 26) * (35 + 29) + 1,"subtract 26 from 35, add 35 and 29, multiply the two results, then add 1."
((8 + 35) * (43 + 37)),"add 8 and 35, add 43 and 37, then multiply the two results."
(15 + 26) * 11 - (26 + 18),"add 15 and 26, multiply that by 11, then subtract the sum of 26 and 18."
17 * (48 + 46) + 37,"add 48 and 46, multiply that by 17, then add 37."
59 + 8 + 40 + 7 + 11,"add 59, 8, 40, 7, and 11."
4 * 23 * 26 - 12 + 13,"multiply 4, 23, and 26 together, then subtract 12, then add 13."
35 * 14 + 34 - 49,"multiply 35 by 14, then add 34, then subtract 49."
(20 + 47) * (27 + 31) - 15,"add 20 and 47, add 27 and 31, multiply the sums, then subtract 15."
31 * 9 + 19 - 10,"multiply 31 by 9, then add 19, then subtract 10."
(27 * 12 * 24) + 30,"multiply 27, 12, and 24 together, then add 30."
((40 + 18) * (4 + 18)),"add 40 and 18, add 4 and 18, then multiply the two results."
((11 - 7) * (25 - 25)),"take 11 minus 7, take 25 minus 25, then multiply the two results."
(42 * 47) - (25 + 5),"multiply 42 by 47, then subtract the sum of 25 and 5."
(33 + 27) * (16 + 40) - 32,"add 33 and 27, add 16 and 40, multiply the sums, then subtract 32."
((13 + 44) * (32 + 16)),"add 13 and 44, add 32 and 16, then multiply the two results."
((32 + 29 + 8) - 24) * 4,"add 32, 29, and 8, subtract 24 from that sum, then multiply the result by 4."
((2 + 31 + 11) - 24) * 13,"add 2, 31, and 11, subtract 24 from that sum, then multiply the result by 13."
(28 * 21 * 8) + 26,"multiply 28, 21, and 8 together, then add 26."
(4 * (12 + 1)) - 6,"add 12 and 1, multiply that by 4, then subtract 6."
((33 + 21 + 1) - 30) * 7,"add 33, 21, and 1, subtract 30 from that sum, then multiply the result by 7."
((25 + 8) * (6 + 10)),"add 25 and 8, add 6 and 10, then multiply the two results."
((3 + 40) * (8 + 45)),"add 3 and 40, add 8 and 45, then multiply the two results."
((14 + 17) * (16 + 21)),"add 14 and 17, add 16 and 21, then multiply the two results."
4 * 30 * 16 - 12 + 6,"multiply 4, 30, and 16 together, then subtract 12, then add 6."
(11 * 6 * 6) + 25,"multiply 11, 6, and 6 together, then add 25."
(45 - 40) * (8 + 3) + 3,"subtract 40 from 45, add 8 and 3, multiply the two results, then add 3."
(40 * (25 - 4)) + 21,"subtract 4 from 25, multiply that by 40, then add 21."
((15 + 48) * (23 + 33)),"add 15 and 48, add 23 and 33, then multiply the two results."
(9 + 14) * 34 - (6 + 22),"add 9 and 14, multiply that by 34, then subtract the sum of 6 and 22."
(5 + 5 + 20) * 15 - 32,"add 5, 5, and 20, multiply that sum by 15, then subtract 32."
(47 * (34 - 1)) + 21,"subtract 1 from 34, multiply that by 47, then add 21."
5 * 10 * 21 - 1 + 29,"multiply 5, 10, and 21 together, then subtract 1, then add 29."
(21 + 8) * (33 + 32) - 24,"add 21 and 8, add 33 and 32, multiply the sums, then subtract 24."
(41 + 45) + (20 * 34) - 20,"add 41 and 45, multiply 20 by 34, add the results, then subtract 20."
(19 * 18 * 7) + 22,"multiply 19, 18, and 7 together, then add 22."
((25 - 3) * (3 - 32)),"take 25 minus 3, take 3 minus 32, then multiply the two results."
(23 * 39) - (28 + 30),"multiply 23 by 39, then subtract the sum of 28 and 30."
(17 + 30) * 22 + 13 - 17,"add 17 and 30, multiply that by 22, then add 13, then subtract 17."
(15 * 5 * 5) + 16,"multiply 15, 5, and 5 together, then add 16."
(18 + 2) * 16 - (9 + 17),"add 18 and 2, multiply that by 16, then subtract the sum of 9 and 17."
(12 + 7) * 36 - (39 + 24),"add 12 and 7, multiply that by 36, then subtract the sum of 39 and 24."
(39 * (41 - 15)) + 10,"subtract 15 from 41, multiply that by 39, then add 10."
(28 + 8) * (8 - 35) + 35,"add 28 and 8, subtract 35 from 8, multiply the two results, then add 35."
((13 + 7 + 35) - 37) * 29,"add 13, 7, and 35, subtract 37 from that sum, then multiply the result by 29."
32 * 46 + 31 - 39,"multiply 32 by 46, then add 31, then subtract 39."
(25 + 14 + 40) * 34 - 13,"add 25, 14, and 40, multiply that sum by 34, then subtract 13."
(11 + 8) * (30 + 30) - 42,"add 11 and 8, add 30 and 30, multiply the sums, then subtract 42."
19 * 8 * 25 - 27 + 22,"multiply 19, 8, and 25 together, then subtract 27, then add 22."
(21 * 25 * 21) + 28,"multiply 21, 25, and 21 together, then add 28."
(9 + 40) * (14 - 38) + 48,"add 9 and 40, subtract 38 from 14, multiply the two results, then add 48."
(15 + 33 + 8) * 4 - 10,"add 15, 33, and 8, multiply that sum by 4, then subtract 10."
((10 + 34 + 6) - 5) * 34,"add 10, 34, and 6, subtract 5 from that sum, then multiply the result by 34."
(44 * (15 - 6)) + 1,"subtract 6 from 15, multiply that by 44, then add 1."
(6 - 24) * (50 + 24) + 1,"subtract 24 from 6, add 50 and 24, multiply the two results, then add 1."
30 * (22 + 30 + 34) - 8,"add 22, 30, and 34, multiply that by 30, then subtract 8."
(41 + (43 * 29)) - 46,"multiply 43 by 29, add 41 to that, then subtract 46."
(47 * (45 - 10)) + 42,"subtract 10 from 45, multiply that by 47, then add 42."
(7 * (43 + 21)) - 27,"add 43 and 21, multiply that by 7, then subtract 27."
(18 + 30 + 9) * 27 - 1,"add 18, 30, and 9, multiply that sum by 27, then subtract 1."
(28 + 6 + 5) * 16 - 15,"add 28, 6, and 5, multiply that sum by 16, then subtract 15."
(38 + 44) * (27 + 19) - 45,"add 38 and 44, add 27 and 19, multiply the sums, then subtract 45."
37 * 44 + 21 - 1,"multiply 37 by 44, then add 21, then subtract 1."
((48 + 12) * (35 + 35)),"add 48 and 12, add 35 and 35, then multiply the two results."
28 * 38 + 29 - 31,"multiply 28 by 38, then add 29, then subtract 31."
(14 + 24 + 26) * 35 - 15,"add 14, 24, and 26, multiply that sum by 35, then subtract 15."
(14 + 23 + 28) * 39 - 18,"add 14, 23, and 28, multiply that sum by 39, then subtract 18."
17 * (47 + 9) + 5,"add 47 and 9, multiply that by 17, then add 5."
(14 + 19) * (29 + 21) - 22,"add 14 and 19, add 29 and 21, multiply the sums, then subtract 22."
(17 - 5) * (29 + 18) + 49,"subtract 5 from 17, add 29 and 18, multiply the two results, then add 49."
44 * (44 + 7) + 26,"add 44 and 7, multiply that by 44, then add 26."
(24 * (47 + 19)) - 40,"add 47 and 19, multiply that by 24, then subtract 40."
(34 * (48 + 43)) - 41,"add 48 and 43, multiply that by 34, then subtract 41."
(40 + (4 * 40)) - 32,"multiply 4 by 40, add 40 to that, then subtract 32."
(8 + 40) + (24 * 24) - 18,"add 8 and 40, multiply 24 by 24, add the results, then subtract 18."
(28 + 2) + (1 * 16) - 46,"add 28 and 2, multiply 1 by 16, add the results, then subtract 46."
(12 - 43) * (49 + 3) + 42,"subtract 43 from 12, add 49 and 3, multiply the two results, then add 42."
(33 + 15 + 9) * 13 - 18,"add 33, 15, and 9, multiply that sum by 13, then subtract 18."
30 * 17 + 18 - 39,"multiply 30 by 17, then add 18, then subtract 39."
(20 * 26 * 18) + 13,"multiply 20, 26, and 18 together, then add 13."
28 * 38 + 37 - 1,"multiply 28 by 38, then add 37, then subtract 1."
(13 * (38 - 5)) + 45,"subtract 5 from 38, multiply that by 13, then add 45."
16 * 3 * 7 - 22 + 27,"multiply 16, 3, and 7 together, then subtract 22, then add 27."
(23 + 34) * (7 - 15) + 16,"add 23 and 34, subtract 15 from 7, multiply the two results, then add 16."
(38 + 26) * (33 - 20) + 21,"add 38 and 26, subtract 20 from 33, multiply the two results, then add 21."
35 + 19 + 47 + 56 + 45,"add 35, 19, 47, 56, and 45."
(37 + 3) * 32 + 3 - 27,"add 37 and 3, multiply that by 32, then add 3, then subtract 27."
(25 + (45 * 35)) - 12,"multiply 45 by 35, add 25 to that, then subtract 12."
(32 + 40 + 9) * 26 - 31,"add 32, 40, and 9, multiply that sum by 26, then subtract 31."
((22 + 31) * (41 + 2)),"add 22 and 31, add 41 and 2, then multiply the two results."
3 * (39 + 27) + 23,"add 39 and 27, multiply that by 3, then add 23."
22 * 33 + 28 - 50,"multiply 22 by 33, then add 28, then subtract 50."
((12 + 40 + 13) - 38) * 3,"add 12, 40, and 13, subtract 38 from that sum, then multiply the result by 3."
3 * (29 + 47) + 19,"add 29 and 47, multiply that by 3, then add 19."
(8 + 38 + 17) * 12 - 28,"add 8, 38, and 17, multiply that sum by 12, then subtract 28."
(50 + (30 * 21)) - 13,"multiply 30 by 21, add 50 to that, then subtract 13."
(38 * (21 + 47)) - 43,"add 21 and 47, multiply that by 38, then subtract 43."
(24 * (24 - 7)) + 41,"subtract 7 from 24, multiply that by 24, then add 41."
(46 * 45) - (46 + 49),"multiply 46 by 45, then subtract the sum of 46 and 49."
(33 * 34) - (48 + 14),"multiply 33 by 34, then subtract the sum of 48 and 14."
(40 + (19 * 17)) - 24,"multiply 19 by 17, add 40 to that, then subtract 24."
((23 - 33) * (21 - 26)),"take 23 minus 33, take 21 minus 26, then multiply the two results."
(20 + 29) * 8 + 15 - 12,"add 20 and 29, multiply that by 8, then add 15, then subtract 12."
(45 + (39 * 44)) - 27,"multiply 39 by 44, add 45 to that, then subtract 27."
34 * (6 + 13 + 12) - 10,"add 6, 13, and 12, multiply that by 34, then subtract 10."
(22 + 32) * 21 + 7 - 15,"add 22 and 32, multiply that by 21, then add 7, then subtract 15."
(4 + 15) * 31 + 12 - 35,"add 4 and 15, multiply that by 31, then add 12, then subtract 35."
16 * 3 * 26 - 29 + 23,"multiply 16, 3, and 26 together, then subtract 29, then add 23."
(34 * 30) - (6 + 21),"multiply 34 by 30, then subtract the sum of 6 and 21."
25 * (24 + 10 + 6) - 36,"add 24, 10, and 6, multiply that by 25, then subtract 36."
(27 + 38) + (37 * 21) - 34,"add 27 and 38, multiply 37 by 21, add the results, then subtract 34."
(36 + 35) * 8 + 2 - 36,"add 36 and 35, multiply that by 8, then add 2, then subtract 36."
(17 * (6 - 34)) + 3,"subtract 34 from 6, multiply that by 17, then add 3."
(50 + 36) * (32 + 50) - 26,"add 50 and 36, add 32 and 50, multiply the sums, then subtract 26."
(24 + 11) * 16 - (32 + 21),"add 24 and 11, multiply that by 16, then subtract the sum of 32 and 21."
((18 - 14) * (50 - 7)),"take 18 minus 14, take 50 minus 7, then multiply the two results."
30 + 40 + 23 + 51 + 35,"add 30, 40, 23, 51, and 35."
(35 + 27 + 22) * 1 - 6,"add 35, 27, and 22, multiply that sum by 1, then subtract 6."
(32 + 6 + 1) * 19 - 37,"add 32, 6, and 1, multiply that sum by 19, then subtract 37."
(2 * (22 - 21)) + 19,"subtract 21 from 22, multiply that by 2, then add 19."
(31 * (39 - 18)) + 50,"subtract 18 from 39, multiply that by 31, then add 50."
(2 * 16) - (22 + 39),"multiply 2 by 16, then subtract the sum of 22 and 39."
(3 + 1 + 4) * 37 - 32,"add 3, 1, and 4, multiply that sum by 37, then subtract 32."
46 * (37 + 44) + 44,"add 37 and 44, multiply that by 46, then add 44."
(23 + 37) + (19 * 13) - 40,"add 23 and 37, multiply 19 by 13, add the results, then subtract 40."
(31 + 15) * 31 - (24 + 24),"add 31 and 15, multiply that by 31, then subtract the sum of 24 and 24."
(22 * 1) - (29 + 40),"multiply 22 by 1, then subtract the sum of 29 and 40."
(48 + 19) + (45 * 50) - 12,"add 48 and 19, multiply 45 by 50, add the results, then subtract 12."
(10 + 48) * (39 + 23) - 44,"add 10 and 48, add 39 and 23, multiply the sums, then subtract 44."
30 * 16 * 26 - 13 + 17,"multiply 30, 16, and 26 together, then subtract 13, then add 17."
38 * (6 + 31 + 40) - 28,"add 6, 31, and 40, multiply that by 38, then subtract 28."
(7 * (5 + 29)) - 44,"add 5 and 29, multiply that by 7, then subtract 44."
(10 * 8) - (13 + 28),"multiply 10 by 8, then subtract the sum of 13 and 28."
(10 + 25) * 11 + 14 - 8,"add 10 and 25, multiply that by 11, then add 14, then subtract 8."
(21 * 22) - (23 + 48),"multiply 21 by 22, then subtract the sum of 23 and 48."
42 * (15 + 29) + 24,"add 15 and 29, multiply that by 42, then add 24."
(19 + 8) * 12 - (18 + 1),"add 19 and 8, multiply that by 12, then subtract the sum of 18 and 1."
(5 + 36) * (25 - 16) + 5,"add 5 and 36, subtract 16 from 25, multiply the two results, then add 5."
(22 + 9 + 1) * 26 - 37,"add 22, 9, and 1, multiply that sum by 26, then subtract 37."
(8 + 48) * (19 + 27) - 5,"add 8 and 48, add 19 and 27, multiply the sums, then subtract 5."
(38 + 8) * 31 + 18 - 29,"add 38 and 8, multiply that by 31, then add 18, then subtract 29."
30 * 27 + 20 - 42,"multiply 30 by 27, then add 20, then subtract 42."
12 * (5 + 1 + 32) - 8,"add 5, 1, and 32, multiply that by 12, then subtract 8."
((50 - 40) * (23 - 48)),"take 50 minus 40, take 23 minus 48, then multiply the two results."
(21 + (49 * 31)) - 45,"multiply 49 by 31, add 21 to that, then subtract 45."
(30 * (43 + 31)) - 41,"add 43 and 31, multiply that by 30, then subtract 41."
(27 + 11) + (45 * 50) - 32,"add 27 and 11, multiply 45 by 50, add the results, then subtract 32."
((12 + 22 + 16) - 39) * 26,"add 12, 22, and 16, subtract 39 from that sum, then multiply the result by 26."
6 * 13 * 14 - 28 + 1,"multiply 6, 13, and 14 together, then subtract 28, then add 1."
(19 * (42 - 4)) + 31,"subtract 4 from 42, multiply that by 19, then add 31."
((38 + 8) * (40 + 4)),"add 38 and 8, add 40 and 4, then multiply the two results."
((43 - 20) * (44 - 48)),"take 43 minus 20, take 44 minus 48, then multiply the two results."
(33 + 26) * 30 + 28 - 22,"add 33 and 26, multiply that by 30, then add 28, then subtract 22."
42 * (9 + 37) + 1,"add 9 and 37, multiply that by 42, then add 1."
((29 + 40) * (34 + 13)),"add 29 and 40, add 34 and 13, then multiply the two results."
(39 * 18) - (26 + 15),"multiply 39 by 18, then subtract the sum of 26 and 15."
((34 + 1 + 3) - 26) * 37,"add 34, 1, and 3, subtract 26 from that sum, then multiply the result by 37."
(16 + 35) * 3 - (32 + 12),"add 16 and 35, multiply that by 3, then subtract the sum of 32 and 12."
(1 * 27 * 5) + 23,"multiply 1, 27, and 5 together, then add 23."
(19 + 13) * 37 - (39 + 31),"add 19 and 13, multiply that by 37, then subtract the sum of 39 and 31."
((38 + 8 + 4) - 6) * 29,"add 38, 8, and 4, subtract 6 from that sum, then multiply the result by 29."
18 * (18 + 8 + 32) - 35,"add 18, 8, and 32, multiply that by 18, then subtract 35."
(49 * 3) - (35 + 34),"multiply 49 by 3, then subtract the sum of 35 and 34."
(25 + 22) + (47 * 49) - 22,"add 25 and 22, multiply 47 by 49, add the results, then subtract 22."
(3 * (45 + 29)) - 22,"add 45 and 29, multiply that by 3, then subtract 22."
58 + 19 + 26 + 23 + 44,"add 58, 19, 26, 23, and 44."
22 * 6 * 29 - 13 + 6,"multiply 22, 6, and 29 together, then subtract 13, then add 6."
(7 + 14) + (11 * 10) - 40,"add 7 and 14, multiply 11 by 10, add the results, then subtract 40."
((7 + 1 + 31) - 32) * 30,"add 7, 1, and 31, subtract 32 from that sum, then multiply the result by 30."
(22 + 13 + 31) * 39 - 15,"add 22, 13, and 31, multiply that sum by 39, then subtract 15."
(15 * (20 + 6)) - 32,"add 20 and 6, multiply that by 15, then subtract 32."
(30 + 31) * 22 - (18 + 25),"add 30 and 31, multiply that by 22, then subtract the sum of 18 and 25."
10 * 12 * 18 - 20 + 19,"multiply 10, 12, and 18 together, then subtract 20, then add 19."
41 + 58 + 26 + 21 + 59,"add 41, 58, 26, 21, and 59."
(9 + 4) * 9 - (7 + 19),"add 9 and 4, multiply that by 9, then subtract the sum of 7 and 19."
((36 + 2 + 12) - 20) * 24,"add 36, 2, and 12, subtract 20 from that sum, then multiply the result by 24."
20 * 14 * 25 - 6 + 1,"multiply 20, 14, and 25 together, then subtract 6, then add 1."
(10 + 39) * 7 - (18 + 35),"add 10 and 39, multiply that by 7, then subtract the sum of 18 and 35."
(28 + (46 * 29)) - 40,"multiply 46 by 29, add 28 to that, then subtract 40."
((32 - 42) * (6 - 6)),"take 32 minus 42, take 6 minus 6, then multiply the two results."
48 + 25 + 42 + 11 + 8,"add 48, 25, 42, 11, and 8."
30 * 2 * 8 - 27 + 29,"multiply 30, 2, and 8 together, then subtract 27, then add 29."
3 * 40 + 49 - 12,"multiply 3 by 40, then add 49, then subtract 12."
(11 + 14 + 1) * 10 - 39,"add 11, 14, and 1, multiply that sum by 10, then subtract 39."
(24 - 45) * (22 + 33) + 41,"subtract 45 from 24, add 22 and 33, multiply the two results, then add 41."
(26 + 4) * 12 - (26 + 7),"add 26 and 4, multiply that by 12, then subtract the sum of 26 and 7."
35 + 49 + 42 + 28 + 36,"add 35, 49, 42, 28, and 36."
33 * (27 + 31) + 19,"add 27 and 31, multiply that by 33, then add 19."
((27 + 2 + 25) - 21) * 4,"add 27, 2, and 25, subtract 21 from that sum, then multiply the result by 4."
(29 + 44) + (27 * 7) - 3,"add 29 and 44, multiply 27 by 7, add the results, then subtract 3."
(49 + 39) * (1 + 20) - 20,"add 49 and 39, add 1 and 20, multiply the sums, then subtract 20."
(26 * 47) - (23 + 16),"multiply 26 by 47, then subtract the sum of 23 and 16."
(13 + 11 + 10) * 38 - 14,"add 13, 11, and 10, multiply that sum by 38, then subtract 14."
27 * 6 * 14 - 25 + 2,"multiply 27, 6, and 14 together, then subtract 25, then add 2."
(23 + 46) * (42 - 2) + 26,"add 23 and 46, subtract 2 from 42, multiply the two results, then add 26."
3 * 28 + 19 - 14,"multiply 3 by 28, then add 19, then subtract 14."
(30 + 9) * 34 + 6 - 1,"add 30 and 9, multiply that by 34, then add 6, then subtract 1."
10 + 40 + 8 + 41 + 28,"add 10, 40, 8, 41, and 28."
(15 + (10 * 2)) - 2,"multiply 10 by 2, add 15 to that, then subtract 2."
((33 - 37) * (24 - 6)),"take 33 minus 37, take 24 minus 6, then multiply the two results."
(26 + (10 * 8)) - 9,"multiply 10 by 8, add 26 to that, then subtract 9."
(49 * (5 - 42)) + 15,"subtract 42 from 5, multiply that by 49, then add 15."
(38 + 28 + 40) * 31 - 18,"add 38, 28, and 40, multiply that sum by 31, then subtract 18."
(13 + 27) * 6 + 6 - 1,"add 13 and 27, multiply that by 6, then add 6, then subtract 1."
(5 * (5 + 10)) - 43,"add 5 and 10, multiply that by 5, then subtract 43."
(14 + 28 + 4) * 17 - 26,"add 14, 28, and 4, multiply that sum by 17, then subtract 26."
(11 + 23) + (37 * 31) - 14,"add 11 and 23, multiply 37 by 31, add the results, then subtract 14."
(8 * 38) - (29 + 27),"multiply 8 by 38, then subtract the sum of 29 and 27."
(41 + (14 * 41)) - 45,"multiply 14 by 41, add 41 to that, then subtract 45."
(26 * (16 + 49)) - 36,"add 16 and 49, multiply that by 26, then subtract 36."
(13 - 1) * (15 + 2) + 25,"subtract 1 from 13, add 15 and 2, multiply the two results, then add 25."
(13 * (50 - 25)) + 26,"subtract 25 from 50, multiply that by 13, then add 26."
(7 + 18) * 24 + 22 - 24,"add 7 and 18, multiply that by 24, then add 22, then subtract 24."
(7 * 27 * 17) + 22,"multiply 7, 27, and 17 together, then add 22."
(21 + 27) * 17 - (1 + 22),"add 21 and 27, multiply that by 17, then subtract the sum of 1 and 22."
(22 * (30 + 3)) - 17,"add 30 and 3, multiply that by 22, then subtract 17."
(6 * 29 * 14) + 11,"multiply 6, 29, and 14 together, then add 11."
((9 - 49) * (30 - 9)),"take 9 minus 49, take 30 minus 9, then multiply the two results."
((15 - 7) * (42 - 23)),"take 15 minus 7, take 42 minus 23, then multiply the two results."
42 * (7 + 36) + 2,"add 7 and 36, multiply that by 42, then add 2."
((12 - 16) * (6 - 28)),"take 12 minus 16, take 6 minus 28, then multiply the two results."
19 * 50 + 10 - 31,"multiply 19 by 50, then add 10, then subtract 31."
((11 + 15 + 9) - 11) * 30,"add 11, 15, and 9, subtract 11 from that sum, then multiply the result by 30."
32 + 26 + 40 + 48 + 42,"add 32, 26, 40, 48, and 42."
(16 * 5 * 23) + 18,"multiply 16, 5, and 23 together, then add 18."
(16 + 8 + 18) * 29 - 34,"add 16, 8, and 18, multiply that sum by 29, then subtract 34."
9 + 3 + 29 + 30 + 56,"add 9, 3, 29, 30, and 56."
(16 + 24) + (3 * 44) - 19,"add 16 and 24, multiply 3 by 44, add the results, then subtract 19."
24 * (6 + 43) + 3,"add 6 and 43, multiply that by 24, then add 3."
50 + 51 + 3 + 13 + 25,"add 50, 51, 3, 13, and 25."
(15 * 31) - (45 + 23),"multiply 15 by 31, then subtract the sum of 45 and 23."
(28 + 13) * 36 - (23 + 20),"add 28 and 13, multiply that by 36, then subtract the sum of 23 and 20."
(31 + 2) * 23 - (16 + 3),"add 31 and 2, multiply that by 23, then subtract the sum of 16 and 3."
(15 * 20) - (21 + 48),"multiply 15 by 20, then subtract the sum of 21 and 48."
6 * 27 * 19 - 6 + 25,"multiply 6, 27, and 19 together, then subtract 6, then add 25."
9 * 20 * 17 - 30 + 14,"multiply 9, 20, and 17 together, then subtract 30, then add 14."
(9 - 4) * (37 + 33) + 9,"subtract 4 from 9, add 37 and 33, multiply the two results, then add 9."
(12 + 26) * 9 - (24 + 22),"add 12 and 26, multiply that by 9, then subtract the sum of 24 and 22."
(37 + 38) * 22 + 40 - 31,"add 37 and 38, multiply that by 22, then add 40, then subtract 31."
(14 + 16 + 32) * 4 - 12,"add 14, 16, and 32, multiply that sum by 4, then subtract 12."
(9 * 11 * 19) + 29,"multiply 9, 11, and 19 together, then add 29."
(28 * 23 * 24) + 12,"multiply 28, 23, and 24 together, then add 12."
(26 + 16) * (19 - 15) + 15,"add 26 and 16, subtract 15 from 19, multiply the two results, then add 15."
(38 + 14) * 36 + 19 - 34,"add 38 and 14, multiply that by 36, then add 19, then subtract 34."
(10 * (19 - 38)) + 28,"subtract 38 from 19, multiply that by 10, then add 28."
(2 + 39) * 32 - (21 + 10),"add 2 and 39, multiply that by 32, then subtract the sum of 21 and 10."
(7 * (49 - 5)) + 36,"subtract 5 from 49, multiply that by 7, then add 36."
32 * 35 + 34 - 5,"multiply 32 by 35, then add 34, then subtract 5."
(41 + 33) * (41 - 39) + 33,"add 41 and 33, subtract 39 from 41, multiply the two results, then add 33."
(13 + 1) * 28 - (37 + 28),"add 13 and 1, multiply that by 28, then subtract the sum of 37 and 28."
((36 + 10) * (14 + 33)),"add 36 and 10, add 14 and 33, then multiply the two results."
11 * (25 + 48) + 43,"add 25 and 48, multiply that by 11, then add 43."
(26 + 49) * (16 - 23) + 26,"add 26 and 49, subtract 23 from 16, multiply the two results, then add 26."
((48 - 35) * (36 - 45)),"take 48 minus 35, take 36 minus 45, then multiply the two results."
(17 + 35 + 31) * 40 - 22,"add 17, 35, and 31, multiply that sum by 40, then subtract 22."
(6 * 8 * 29) + 13,"multiply 6, 8, and 29 together, then add 13."
(23 - 14) * (49 + 13) + 18,"subtract 14 from 23, add 49 and 13, multiply the two results, then add 18."
(44 + (25 * 49)) - 19,"multiply 25 by 49, add 44 to that, then subtract 19."
(6 - 43) * (48 + 47) + 48,"subtract 43 from 6, add 48 and 47, multiply the two results, then add 48."
(14 + 14) * 9 + 27 - 18,"add 14 and 14, multiply that by 9, then add 27, then subtract 18."
39 * 14 + 3 - 27,"multiply 39 by 14, then add 3, then subtract 27."
(20 + 4) + (7 * 15) - 9,"add 20 and 4, multiply 7 by 15, add the results, then subtract 9."
(19 * (42 - 23)) + 2,"subtract 23 from 42, multiply that by 19, then add 2."
(35 * (6 - 43)) + 22,"subtract 43 from 6, multiply that by 35, then add 22."
5 * (10 + 15) + 2,"add 10 and 15, multiply that by 5, then add 2."
(21 + (12 * 4)) - 20,"multiply 12 by 4, add 21 to that, then subtract 20."
(32 * (40 + 41)) - 7,"add 40 and 41, multiply that by 32, then subtract 7."
(40 + 40) * (3 - 39) + 31,"add 40 and 40, subtract 39 from 3, multiply the two results, then add 31."
(22 + 24) + (28 * 26) - 2,"add 22 and 24, multiply 28 by 26, add the results, then subtract 2."
40 * (5 + 39) + 4,"add 5 and 39, multiply that by 40, then add 4."
(23 + 8) * 10 - (34 + 20),"add 23 and 8, multiply that by 10, then subtract the sum of 34 and 20."
((8 + 2 + 34) - 21) * 26,"add 8, 2, and 34, subtract 21 from that sum, then multiply the result by 26."
(11 * 6 * 26) + 5,"multiply 11, 6, and 26 together, then add 5."
(35 + (41 * 45)) - 10,"multiply 41 by 45, add 35 to that, then subtract 10."
(32 * (2 + 47)) - 2,"add 2 and 47, multiply that by 32, then subtract 2."
34 * (28 + 39 + 33) - 1,"add 28, 39, and 33, multiply that by 34, then subtract 1."
(3 + 24) * (10 + 4) - 9,"add 3 and 24, add 10 and 4, multiply the sums, then subtract 9."
(27 + 14) * 13 - (13 + 2),"add 27 and 14, multiply that by 13, then subtract the sum of 13 and 2."
6 * (35 + 14 + 12) - 40,"add 35, 14, and 12, multiply that by 6, then subtract 40."
(19 + (20 * 44)) - 48,"multiply 20 by 44, add 19 to that, then subtract 48."
(26 - 30) * (45 + 29) + 12,"subtract 30 from 26, add 45 and 29, multiply the two results, then add 12."
(43 * (14 + 48)) - 7,"add 14 and 48, multiply that by 43, then subtract 7."
(20 * (5 - 41)) + 32,"subtract 41 from 5, multiply that by 20, then add 32."
((15 + 34) * (15 + 44)),"add 15 and 34, add 15 and 44, then multiply the two results."
21 * (10 + 30 + 40) - 9,"add 10, 30, and 40, multiply that by 21, then subtract 9."
(41 * (48 - 47)) + 50,"subtract 47 from 48, multiply that by 41, then add 50."
(46 - 46) * (39 + 31) + 19,"subtract 46 from 46, add 39 and 31, multiply the two results, then add 19."
15 * (50 + 40) + 44,"add 50 and 40, multiply that by 15, then add 44."
(1 + (1 * 15)) - 44,"multiply 1 by 15, add 1 to that, then subtract 44."
((40 - 28) * (5 - 41)),"take 40 minus 28, take 5 minus 41, then multiply the two results."
(7 + 4) * (50 + 1) - 42,"add 7 and 4, add 50 and 1, multiply the sums, then subtract 42."
(4 * 20 * 4) + 20,"multiply 4, 20, and 4 together, then add 20."
(23 + 19) * 36 - (19 + 26),"add 23 and 19, multiply that by 36, then subtract the sum of 19 and 26."
((10 - 46) * (10 - 50)),"take 10 minus 46, take 10 minus 50, then multiply the two results."
(38 * 45) - (5 + 33),"multiply 38 by 45, then subtract the sum of 5 and 33."
(50 + 10) * (49 - 5) + 12,"add 50 and 10, subtract 5 from 49, multiply the two results, then add 12."
49 * (25 + 47) + 10,"add 25 and 47, multiply that by 49, then add 10."
18 * 5 * 28 - 7 + 30,"multiply 18, 5, and 28 together, then subtract 7, then add 30."
(46 + 20) + (31 * 43) - 14,"add 46 and 20, multiply 31 by 43, add the results, then subtract 14."
((31 - 42) * (13 - 14)),"take 31 minus 42, take 13 minus 14, then multiply the two results."
(45 * 7) - (4 + 23),"multiply 45 by 7, then subtract the sum of 4 and 23."
26 + 39 + 18 + 22 + 34,"add 26, 39, 18, 22, and 34."
(33 * (5 + 33)) - 1,"add 5 and 33, multiply that by 33, then subtract 1."
(18 + 40) * 17 + 12 - 40,"add 18 and 40, multiply that by 17, then add 12, then subtract 40."
(5 + 15) * 6 - (10 + 37),"add 5 and 15, multiply that by 6, then subtract the sum of 10 and 37."
17 * (50 + 8) + 9,"add 50 and 8, multiply that by 17, then add 9."
(9 + 10) + (42 * 15) - 28,"add 9 and 10, multiply 42 by 15, add the results, then subtract 28."
12 * (31 + 11 + 19) - 18,"add 31, 11, and 19, multiply that by 12, then subtract 18."
3 * (16 + 38) + 47,"add 16 and 38, multiply that by 3, then add 47."
(43 + 48) * (2 - 48) + 19,"add 43 and 48, subtract 48 from 2, multiply the two results, then add 19."
(7 - 46) * (12 + 2) + 34,"subtract 46 from 7, add 12 and 2, multiply the two results, then add 34."
(22 * 4 * 7) + 23,"multiply 22, 4, and 7 together, then add 23."
(17 + 7) * (20 - 44) + 27,"add 17 and 7, subtract 44 from 20, multiply the two results, then add 27."
(19 + 40) * (37 - 32) + 14,"add 19 and 40, subtract 32 from 37, multiply the two results, then add 14."
(19 * 14 * 2) + 14,"multiply 19, 14, and 2 together, then add 14."
(7 + 1 + 25) * 28 - 9,"add 7, 1, and 25, multiply that sum by 28, then subtract 9."
(26 + 40 + 19) * 10 - 6,"add 26, 40, and 19, multiply that sum by 10, then subtract 6."
((5 - 37) * (11 - 31)),"take 5 minus 37, take 11 minus 31, then multiply the two results."
(36 + 35) * (49 - 48) + 29,"add 36 and 35, subtract 48 from 49, multiply the two results, then add 29."
(23 * (24 + 33)) - 4,"add 24 and 33, multiply that by 23, then subtract 4."
(14 * 11) - (35 + 15),"multiply 14 by 11, then subtract the sum of 35 and 15."
((4 + 13 + 29) - 11) * 12,"add 4, 13, and 29, subtract 11 from that sum, then multiply the result by 12."
(40 + 9 + 8) * 37 - 31,"add 40, 9, and 8, multiply that sum by 37, then subtract 31."
(37 * 36) - (35 + 5),"multiply 37 by 36, then subtract the sum of 35 and 5."
20 * 24 * 1 - 19 + 3,"multiply 20, 24, and 1 together, then subtract 19, then add 3."
(42 * (28 - 49)) + 7,"subtract 49 from 28, multiply that by 42, then add 7."
(35 + 13) + (23 * 50) - 15,"add 35 and 13, multiply 23 by 50, add the results, then subtract 15."
2 * 11 * 30 - 5 + 22,"multiply 2, 11, and 30 together, then subtract 5, then add 22."
(26 + (9 * 48)) - 22,"multiply 9 by 48, add 26 to that, then subtract 22."
(1 + 6) + (6 * 19) - 29,"add 1 and 6, multiply 6 by 19, add the results, then subtract 29."
5 * 26 * 17 - 13 + 15,"multiply 5, 26, and 17 together, then subtract 13, then add 15."
(47 + 39) * (24 + 11) - 12,"add 47 and 39, add 24 and 11, multiply the sums, then subtract 12."
(2 + (5 * 12)) - 47,"multiply 5 by 12, add 2 to that, then subtract 47."
(8 - 15) * (32 + 47) + 26,"subtract 15 from 8, add 32 and 47, multiply the two results, then add 26."
(30 - 39) * (45 + 3) + 2,"subtract 39 from 30, add 45 and 3, multiply the two results, then add 2."
29 * (11 + 40 + 10) - 40,"add 11, 40, and 10, multiply that by 29, then subtract 40."
((10 + 38 + 27) - 26) * 37,"add 10, 38, and 27, subtract 26 from that sum, then multiply the result by 37."
((39 + 15 + 27) - 10) * 16,"add 39, 15, and 27, subtract 10 from that sum, then multiply the result by 16."
(35 + 23) * 5 - (13 + 9),"add 35 and 23, multiply that by 5, then subtract the sum of 13 and 9."
(5 + 2) * 27 + 25 - 20,"add 5 and 2, multiply that by 27, then add 25, then subtract 20."
18 * 21 * 8 - 20 + 24,"multiply 18, 21, and 8 together, then subtract 20, then add 24."
(8 * 26 * 15) + 17,"multiply 8, 26, and 15 together, then add 17."
(7 * (50 - 14)) + 48,"subtract 14 from 50, multiply that by 7, then add 48."
((34 + 24) * (23 + 5)),"add 34 and 24, add 23 and 5, then multiply the two results."
(28 * 1 * 20) + 7,"multiply 28, 1, and 20 together, then add 7."
39 + 52 + 24 + 52 + 36,"add 39, 52, 24, 52, and 36."
(39 + 25) * 37 + 19 - 24,"add 39 and 25, multiply that by 37, then add 19, then subtract 24."
35 * (19 + 25 + 10) - 17,"add 19, 25, and 10, multiply that by 35, then subtract 17."
29 + 12 + 42 + 28 + 49,"add 29, 12, 42, 28, and 49."
(38 + (28 * 17)) - 1,"multiply 28 by 17, add 38 to that, then subtract 1."
(47 + (48 * 19)) - 41,"multiply 48 by 19, add 47 to that, then subtract 41."
18 * (27 + 1 + 7) - 35,"add 27, 1, and 7, multiply that by 18, then subtract 35."
39 * 42 + 37 - 45,"multiply 39 by 42, then add 37, then subtract 45."
(4 + 18) * (4 + 22) - 40,"add 4 and 18, add 4 and 22, multiply the sums, then subtract 40."
(47 + (25 * 36)) - 34,"multiply 25 by 36, add 47 to that, then subtract 34."
((7 + 9 + 11) - 28) * 39,"add 7, 9, and 11, subtract 28 from that sum, then multiply the result by 39."
((25 - 17) * (16 - 36)),"take 25 minus 17, take 16 minus 36, then multiply the two results."
((43 - 12) * (4 - 6)),"take 43 minus 12, take 4 minus 6, then multiply the two results."
(19 + 46) + (39 * 46) - 49,"add 19 and 46, multiply 39 by 46, add the results, then subtract 49."
(14 + 47) * (26 + 16) - 3,"add 14 and 47, add 26 and 16, multiply the sums, then subtract 3."
((25 + 40) * (38 + 34)),"add 25 and 40, add 38 and 34, then multiply the two results."
(6 * 7 * 9) + 11,"multiply 6, 7, and 9 together, then add 11."
(16 * (35 + 36)) - 6,"add 35 and 36, multiply that by 16, then subtract 6."
31 * (2 + 29 + 28) - 26,"add 2, 29, and 28, multiply that by 31, then subtract 26."
29 * (8 + 40 + 13) - 18,"add 8, 40, and 13, multiply that by 29, then subtract 18."
6 + 55 + 7 + 50 + 35,"add 6, 55, 7, 50, and 35."
(42 * 21) - (16 + 8),"multiply 42 by 21, then subtract the sum of 16 and 8."
(26 * (17 - 3)) + 13,"subtract 3 from 17, multiply that by 26, then add 13."
((32 + 11 + 20) - 25) * 26,"add 32, 11, and 20, subtract 25 from that sum, then multiply the result by 26."
1 * 7 + 24 - 43,"multiply 1 by 7, then add 24, then subtract 43."
((49 + 37) * (21 + 4)),"add 49 and 37, add 21 and 4, then multiply the two results."
28 * 21 + 28 - 5,"multiply 28 by 21, then add 28, then subtract 5."
(24 + 6) * (7 - 8) + 31,"add 24 and 6, subtract 8 from 7, multiply the two results, then add 31."
(45 * 29) - (49 + 31),"multiply 45 by 29, then subtract the sum of 49 and 31."
(17 + 40 + 35) * 29 - 14,"add 17, 40, and 35, multiply that sum by 29, then subtract 14."
(22 * 28) - (43 + 39),"multiply 22 by 28, then subtract the sum of 43 and 39."
(49 + 5) * (20 + 37) - 16,"add 49 and 5, add 20 and 37, multiply the sums, then subtract 16."
(46 + 3) * (46 + 43) - 38,"add 46 and 3, add 46 and 43, multiply the sums, then subtract 38."
(16 * (27 + 5)) - 40,"add 27 and 5, multiply that by 16, then subtract 40."
19 + 55 + 45 + 55 + 32,"add 19, 55, 45, 55, and 32."
19 * (1 + 41) + 31,"add 1 and 41, multiply that by 19, then add 31."
(25 * (32 - 43)) + 47,"subtract 43 from 32, multiply that by 25, then add 47."
31 + 40 + 21 + 28 + 15,"add 31, 40, 21, 28, and 15."
(8 + 15) * 29 - (37 + 37),"add 8 and 15, multiply that by 29, then subtract the sum of 37 and 37."
(2 + 40 + 21) * 31 - 7,"add 2, 40, and 21, multiply that sum by 31, then subtract 7."
25 * 9 * 30 - 18 + 13,"multiply 25, 9, and 30 together, then subtract 18, then add 13."
(26 + 8) * 13 - (14 + 33),"add 26 and 8, multiply that by 13, then subtract the sum of 14 and 33."
(50 - 7) * (37 + 45) + 13,"subtract 7 from 50, add 37 and 45, multiply the two results, then add 13."
13 * (14 + 4 + 14) - 24,"add 14, 4, and 14, multiply that by 13, then subtract 24."
3 + 50 + 1 + 13 + 49,"add 3, 50, 1, 13, and 49."
1 * (29 + 19 + 36) - 14,"add 29, 19, and 36, multiply that by 1, then subtract 14."
(15 * 22 * 4) + 23,"multiply 15, 22, and 4 together, then add 23."
21 * (33 + 9 + 26) - 38,"add 33, 9, and 26, multiply that by 21, then subtract 38."
24 + 16 + 54 + 19 + 22,"add 24, 16, 54, 19, and 22."
(23 + 16) * (10 + 5) - 23,"add 23 and 16, add 10 and 5, multiply the sums, then subtract 23."
48 * (32 + 19) + 26,"add 32 and 19, multiply that by 48, then add 26."
40 * (18 + 47) + 39,"add 18 and 47, multiply that by 40, then add 39."
(22 + 24) * (25 + 41) - 21,"add 22 and 24, add 25 and 41, multiply the sums, then subtract 21."
(22 + 7) * 40 + 33 - 20,"add 22 and 7, multiply that by 40, then add 33, then subtract 20."
(29 + 9) * 6 - (13 + 12),"add 29 and 9, multiply that by 6, then subtract the sum of 13 and 12."
21 * (43 + 42) + 6,"add 43 and 42, multiply that by 21, then add 6."
26 * 22 * 1 - 17 + 8,"multiply 26, 22, and 1 together, then subtract 17, then add 8."
(46 + (1 * 38)) - 35,"multiply 1 by 38, add 46 to that, then subtract 35."
(7 * 11 * 10) + 20,"multiply 7, 11, and 10 together, then add 20."
(23 + 2 + 15) * 14 - 16,"add 23, 2, and 15, multiply that sum by 14, then subtract 16."
(10 * 35) - (39 + 10),"multiply 10 by 35, then subtract the sum of 39 and 10."
((4 - 42) * (42 - 14)),"take 4 minus 42, take 42 minus 14, then multiply the two results."
35 * (16 + 17) + 43,"add 16 and 17, multiply that by 35, then add 43."
((35 + 17) * (36 + 42)),"add 35 and 17, add 36 and 42, then multiply the two results."
((14 + 40 + 12) - 38) * 39,"add 14, 40, and 12, subtract 38 from that sum, then multiply the result by 39."
((27 + 22) * (20 + 9)),"add 27 and 22, add 20 and 9, then multiply the two results."
4 * 17 * 16 - 17 + 24,"multiply 4, 17, and 16 together, then subtract 17, then add 24."
(13 + 31) * 7 + 4 - 40,"add 13 and 31, multiply that by 7, then add 4, then subtract 40."
(35 + 16) * (27 + 14) - 28,"add 35 and 16, add 27 and 14, multiply the sums, then subtract 28."
(30 + 1) * 13 - (35 + 25),"add 30 and 1, multiply that by 13, then subtract the sum of 35 and 25."
(31 + 9) * 4 - (38 + 4),"add 31 and 9, multiply that by 4, then subtract the sum of 38 and 4."
(6 + (4 * 26)) - 16,"multiply 4 by 26, add 6 to that, then subtract 16."
49 * 29 + 31 - 39,"multiply 49 by 29, then add 31, then subtract 39."
(42 * (3 - 18)) + 33,"subtract 18 from 3, multiply that by 42, then add 33."
7 * (16 + 15) + 4,"add 16 and 15, multiply that by 7, then add 4."
((15 - 5) * (40 - 14)),"take 15 minus 5, take 40 minus 14, then multiply the two results."
40 * 15 + 40 - 44,"multiply 40 by 15, then add 40, then subtract 44."
21 * 24 * 24 - 25 + 10,"multiply 21, 24, and 24 together, then subtract 25, then add 10."
(36 + (39 * 27)) - 17,"multiply 39 by 27, add 36 to that, then subtract 17."
(7 + 8 + 16) * 11 - 27,"add 7, 8, and 16, multiply that sum by 11, then subtract 27."
(2 + 26) * 23 + 16 - 26,"add 2 and 26, multiply that by 23, then add 16, then subtract 26."
34 * 45 + 13 - 32,"multiply 34 by 45, then add 13, then subtract 32."
(41 * (37 + 43)) - 42,"add 37 and 43, multiply that by 41, then subtract 42."
(37 + 32 + 7) * 27 - 40,"add 37, 32, and 7, multiply that sum by 27, then subtract 40."
(49 + 11) * (3 + 23) - 30,"add 49 and 11, add 3 and 23, multiply the sums, then subtract 30."
((20 - 7) * (12 - 5)),"take 20 minus 7, take 12 minus 5, then multiply the two results."
(2 + 11) + (43 * 39) - 44,"add 2 and 11, multiply 43 by 39, add the results, then subtract 44."
(10 + (5 * 9)) - 17,"multiply 5 by 9, add 10 to that, then subtract 17."
17 * (12 + 15 + 7) - 40,"add 12, 15, and 7, multiply that by 17, then subtract 40."
(28 + 45) * (10 + 12) - 39,"add 28 and 45, add 10 and 12, multiply the sums, then subtract 39."
((46 - 14) * (32 - 21)),"take 46 minus 14, take 32 minus 21, then multiply the two results."
(2 - 44) * (45 + 42) + 31,"subtract 44 from 2, add 45 and 42, multiply the two results, then add 31."
(19 + 16) * 12 + 24 - 8,"add 19 and 16, multiply that by 12, then add 24, then subtract 8."
26 * (4 + 30 + 28) - 24,"add 4, 30, and 28, multiply that by 26, then subtract 24."
((38 - 45) * (42 - 35)),"take 38 minus 45, take 42 minus 35, then multiply the two results."
(48 * 17) - (1 + 5),"multiply 48 by 17, then subtract the sum of 1 and 5."
((13 + 30 + 14) - 29) * 17,"add 13, 30, and 14, subtract 29 from that sum, then multiply the result by 17."
21 * 24 * 30 - 7 + 4,"multiply 21, 24, and 30 together, then subtract 7, then add 4."
7 * (38 + 2 + 20) - 19,"add 38, 2, and 20, multiply that by 7, then subtract 19."
(2 + 24) + (21 * 32) - 33,"add 2 and 24, multiply 21 by 32, add the results, then subtract 33."
(15 + 6) * 18 - (4 + 36),"add 15 and 6, multiply that by 18, then subtract the sum of 4 and 36."
(48 + 28) * (28 - 20) + 31,"add 48 and 28, subtract 20 from 28, multiply the two results, then add 31."
1 * 34 + 12 - 28,"multiply 1 by 34, then add 12, then subtract 28."
(10 + 30 + 35) * 32 - 2,"add 10, 30, and 35, multiply that sum by 32, then subtract 2."
(50 + 28) * (48 - 5) + 9,"add 50 and 28, subtract 5 from 48, multiply the two results, then add 9."
(9 + 40) * 30 + 1 - 35,"add 9 and 40, multiply that by 30, then add 1, then subtract 35."
49 + 38 + 16 + 6 + 38,"add 49, 38, 16, 6, and 38."
28 * 8 + 44 - 12,"multiply 28 by 8, then add 44, then subtract 12."
25 * 11 * 8 - 29 + 26,"multiply 25, 11, and 8 together, then subtract 29, then add 26."
(20 + 11) * 28 - (1 + 12),"add 20 and 11, multiply that by 28, then subtract the sum of 1 and 12."
((45 - 3) * (11 - 33)),"take 45 minus 3, take 11 minus 33, then multiply the two results."
(14 + (44 * 33)) - 50,"multiply 44 by 33, add 14 to that, then subtract 50."
(24 + (7 * 32)) - 20,"multiply 7 by 32, add 24 to that, then subtract 20."
(7 * 14) - (30 + 36),"multiply 7 by 14, then subtract the sum of 30 and 36."
33 + 36 + 32 + 36 + 18,"add 33, 36, 32, 36, and 18."
(10 - 14) * (9 + 27) + 48,"subtract 14 from 10, add 9 and 27, multiply the two results, then add 48."
(21 * 27 * 2) + 29,"multiply 21, 27, and 2 together, then add 29."
(34 - 26) * (11 + 1) + 35,"subtract 26 from 34, add 11 and 1, multiply the two results, then add 35."
(8 - 30) * (8 + 37) + 41,"subtract 30 from 8, add 8 and 37, multiply the two results, then add 41."
31 * (11 + 12 + 25) - 31,"add 11, 12, and 25, multiply that by 31, then subtract 31."
(38 - 50) * (32 + 44) + 23,"subtract 50 from 38, add 32 and 44, multiply the two results, then add 23."
((48 - 1) * (42 - 36)),"take 48 minus 1, take 42 minus 36, then multiply the two results."
(22 * 42) - (18 + 32),"multiply 22 by 42, then subtract the sum of 18 and 32."
((33 + 43) * (22 + 2)),"add 33 and 43, add 22 and 2, then multiply the two results."
(24 * 8 * 24) + 2,"multiply 24, 8, and 24 together, then add 2."
4 * 37 + 32 - 37,"multiply 4 by 37, then add 32, then subtract 37."
(45 + 37) + (9 * 9) - 1,"add 45 and 37, multiply 9 by 9, add the results, then subtract 1."
38 * 19 + 15 - 32,"multiply 38 by 19, then add 15, then subtract 32."
(26 * 2 * 12) + 8,"multiply 26, 2, and 12 together, then add 8."
(40 - 31) * (38 + 9) + 40,"subtract 31 from 40, add 38 and 9, multiply the two results, then add 40."
(28 * (9 - 30)) + 1,"subtract 30 from 9, multiply that by 28, then add 1."
(16 + 48) * (49 - 45) + 9,"add 16 and 48, subtract 45 from 49, multiply the two results, then add 9."
(32 * (41 - 14)) + 44,"subtract 14 from 41, multiply that by 32, then add 44."
((10 + 1) * (27 + 31)),"add 10 and 1, add 27 and 31, then multiply the two results."
32 * 16 + 29 - 14,"multiply 32 by 16, then add 29, then subtract 14."
((45 - 42) * (38 - 24)),"take 45 minus 42, take 38 minus 24, then multiply the two results."
(49 * (22 - 24)) + 39,"subtract 24 from 22, multiply that by 49, then add 39."
((28 + 22 + 27) - 33) * 7,"add 28, 22, and 27, subtract 33 from that sum, then multiply the result by 7."
(16 * 2 * 24) + 7,"multiply 16, 2, and 24 together, then add 7."
20 * 13 * 30 - 3 + 28,"multiply 20, 13, and 30 together, then subtract 3, then add 28."
((7 + 30) * (5 + 27)),"add 7 and 30, add 5 and 27, then multiply the two results."
(3 + (40 * 4)) - 5,"multiply 40 by 4, add 3 to that, then subtract 5."
(17 * 39) - (8 + 23),"multiply 17 by 39, then subtract the sum of 8 and 23."
((5 + 19) * (22 + 19)),"add 5 and 19, add 22 and 19, then multiply the two results."
(32 - 22) * (5 + 49) + 29,"subtract 22 from 32, add 5 and 49, multiply the two results, then add 29."
((45 + 7) * (22 + 6)),"add 45 and 7, add 22 and 6, then multiply the two results."
13 * (20 + 21) + 19,"add 20 and 21, multiply that by 13, then add 19."
10 + 28 + 27 + 44 + 47,"add 10, 28, 27, 44, and 47."
48 * (9 + 34) + 36,"add 9 and 34, multiply that by 48, then add 36."
(23 + 20 + 37) * 8 - 19,"add 23, 20, and 37, multiply that sum by 8, then subtract 19."
(3 * (32 + 24)) - 50,"add 32 and 24, multiply that by 3, then subtract 50."
11 + 39 + 16 + 45 + 60,"add 11, 39, 16, 45, and 60."
((35 - 3) * (50 - 38)),"take 35 minus 3, take 50 minus 38, then multiply the two results."
18 * (35 + 9) + 48,"add 35 and 9, multiply that by 18, then add 48."
((50 - 36) * (30 - 7)),"take 50 minus 36, take 30 minus 7, then multiply the two results."
(11 + 23) * (49 - 24) + 21,"add 11 and 23, subtract 24 from 49, multiply the two results, then add 21."
30 * (24 + 32 + 25) - 16,"add 24, 32, and 25, multiply that by 30, then subtract 16."
8 * 6 + 16 - 3,"multiply 8 by 6, then add 16, then subtract 3."
(49 + (12 * 20)) - 25,"multiply 12 by 20, add 49 to that, then subtract 25."
1 * 28 * 14 - 6 + 28,"multiply 1, 28, and 14 together, then subtract 6, then add 28."
(40 + 2) * 32 + 8 - 13,"add 40 and 2, multiply that by 32, then add 8, then subtract 13."
(33 + 6) * 12 - (24 + 36),"add 33 and 6, multiply that by 12, then subtract the sum of 24 and 36."
(18 + 38) * 25 + 32 - 37,"add 18 and 38, multiply that by 25, then add 32, then subtract 37."
(27 - 30) * (38 + 30) + 39,"subtract 30 from 27, add 38 and 30, multiply the two results, then add 39."
1 * 13 * 29 - 29 + 30,"multiply 1, 13, and 29 together, then subtract 29, then add 30."
(5 + 36) * 3 + 5 - 3,"add 5 and 36, multiply that by 3, then add 5, then subtract 3."
(11 + 25) * 39 + 26 - 40,"add 11 and 25, multiply that by 39, then add 26, then subtract 40."
(23 * (27 + 25)) - 35,"add 27 and 25, multiply that by 23, then subtract 35."
(44 + (32 * 21)) - 14,"multiply 32 by 21, add 44 to that, then subtract 14."
42 * (38 + 1) + 19,"add 38 and 1, multiply that by 42, then add 19."
8 * (14 + 7 + 30) - 31,"add 14, 7, and 30, multiply that by 8, then subtract 31."
(11 + 3) * (11 + 24) - 20,"add 11 and 3, add 11 and 24, multiply the sums, then subtract 20."
(33 + 11) * 39 - (7 + 11),"add 33 and 11, multiply that by 39, then subtract the sum of 7 and 11."
(27 * 16) - (17 + 48),"multiply 27 by 16, then subtract the sum of 17 and 48."
((1 - 30) * (29 - 19)),"take 1 minus 30, take 29 minus 19, then multiply the two results."
(30 * 13 * 10) + 1,"multiply 30, 13, and 10 together, then add 1."
27 * 36 + 38 - 8,"multiply 27 by 36, then add 38, then subtract 8."
((40 + 9 + 23) - 28) * 15,"add 40, 9, and 23, subtract 28 from that sum, then multiply the result by 15."
(35 * 7) - (47 + 22),"multiply 35 by 7, then subtract the sum of 47 and 22."
(21 * (25 + 19)) - 35,"add 25 and 19, multiply that by 21, then subtract 35."
(46 * (27 - 50)) + 33,"subtract 50 from 27, multiply that by 46, then add 33."
(37 - 46) * (40 + 8) + 25,"subtract 46 from 37, add 40 and 8, multiply the two results, then add 25."
48 + 39 + 59 + 51 + 6,"add 48, 39, 59, 51, and 6."
(31 + 13) * 32 + 34 - 24,"add 31 and 13, multiply that by 32, then add 34, then subtract 24."
(13 * (1 - 48)) + 4,"subtract 48 from 1, multiply that by 13, then add 4."
(10 * 42) - (12 + 14),"multiply 10 by 42, then subtract the sum of 12 and 14."
11 * 1 * 27 - 17 + 27,"multiply 11, 1, and 27 together, then subtract 17, then add 27."
(19 * 7 * 6) + 23,"multiply 19, 7, and 6 together, then add 23."
32 * (33 + 15 + 14) - 7,"add 33, 15, and 14, multiply that by 32, then subtract 7."
((9 + 35 + 34) - 8) * 6,"add 9, 35, and 34, subtract 8 from that sum, then multiply the result by 6."
(39 * 19) - (4 + 2),"multiply 39 by 19, then subtract the sum of 4 and 2."
(34 + 10) * 39 - (31 + 25),"add 34 and 10, multiply that by 39, then subtract the sum of 31 and 25."
(32 + 21 + 9) * 34 - 22,"add 32, 21, and 9, multiply that sum by 34, then subtract 22."
((20 + 20 + 33) - 8) * 11,"add 20, 20, and 33, subtract 8 from that sum, then multiply the result by 11."
(16 * 14 * 29) + 7,"multiply 16, 14, and 29 together, then add 7."
(10 * 11) - (39 + 18),"multiply 10 by 11, then subtract the sum of 39 and 18."
((28 - 28) * (1 - 22)),"take 28 minus 28, take 1 minus 22, then multiply the two results."
(27 + 29) + (34 * 15) - 41,"add 27 and 29, multiply 34 by 15, add the results, then subtract 41."
(38 * 41) - (21 + 43),"multiply 38 by 41, then subtract the sum of 21 and 43."
7 * 16 * 22 - 17 + 29,"multiply 7, 16, and 22 together, then subtract 17, then add 29."
(25 * 43) - (8 + 32),"multiply 25 by 43, then subtract the sum of 8 and 32."
(24 + 9) + (49 * 9) - 28,"add 24 and 9, multiply 49 by 9, add the results, then subtract 28."
(13 * 2 * 1) + 1,"multiply 13, 2, and 1 together, then add 1."
39 * (18 + 21) + 27,"add 18 and 21, multiply that by 39, then add 27."
8 * 24 * 20 - 4 + 1,"multiply 8, 24, and 20 together, then subtract 4, then add 1."
(19 + 11) * 11 - (4 + 11),"add 19 and 11, multiply that by 11, then subtract the sum of 4 and 11."
(41 * (50 - 6)) + 44,"subtract 6 from 50, multiply that by 41, then add 44."
(5 + 41) * (37 - 22) + 1,"add 5 and 41, subtract 22 from 37, multiply the two results, then add 1."
20 * (46 + 27) + 43,"add 46 and 27, multiply that by 20, then add 43."
38 * (15 + 7 + 34) - 25,"add 15, 7, and 34, multiply that by 38, then subtract 25."
(30 + 18 + 34) * 33 - 38,"add 30, 18, and 34, multiply that sum by 33, then subtract 38."
15 * 7 + 19 - 44,"multiply 15 by 7, then add 19, then subtract 44."
(36 * 44) - (5 + 16),"multiply 36 by 44, then subtract the sum of 5 and 16."
34 + 32 + 24 + 49 + 45,"add 34, 32, 24, 49, and 45."
(1 * (6 - 8)) + 11,"subtract 8 from 6, multiply that by 1, then add 11."
(5 + 31) * (5 + 5) - 49,"add 5 and 31, add 5 and 5, multiply the sums, then subtract 49."
(10 + 48) + (34 * 10) - 21,"add 10 and 48, multiply 34 by 10, add the results, then subtract 21."
((45 + 9) * (10 + 42)),"add 45 and 9, add 10 and 42, then multiply the two results."
(28 + 17) * (25 + 45) - 28,"add 28 and 17, add 25 and 45, multiply the sums, then subtract 28."
42 * 32 + 18 - 29,"multiply 42 by 32, then add 18, then subtract 29."
((4 + 24) * (3 + 7)),"add 4 and 24, add 3 and 7, then multiply the two results."
(39 + 7) * 16 - (9 + 35),"add 39 and 7, multiply that by 16, then subtract the sum of 9 and 35."
(26 + (10 * 43)) - 30,"multiply 10 by 43, add 26 to that, then subtract 30."
(19 + 40) * 9 - (20 + 1),"add 19 and 40, multiply that by 9, then subtract the sum of 20 and 1."
(18 + 19) * 14 - (11 + 16),"add 18 and 19, multiply that by 14, then subtract the sum of 11 and 16."
(31 + 3) * 24 - (40 + 30),"add 31 and 3, multiply that by 24, then subtract the sum of 40 and 30."
(37 + 16) * 7 + 33 - 34,"add 37 and 16, multiply that by 7, then add 33, then subtract 34."
(48 * 36) - (41 + 23),"multiply 48 by 36, then subtract the sum of 41 and 23."
(3 - 41) * (21 + 48) + 5,"subtract 41 from 3, add 21 and 48, multiply the two results, then add 5."
(30 * 11 * 20) + 30,"multiply 30, 11, and 20 together, then add 30."
29 * (8 + 33) + 34,"add 8 and 33, multiply that by 29, then add 34."
(36 + 18) + (45 * 41) - 1,"add 36 and 18, multiply 45 by 41, add the results, then subtract 1."
((20 + 19 + 22) - 6) * 33,"add 20, 19, and 22, subtract 6 from that sum, then multiply the result by 33."
5 * 1 * 14 - 17 + 16,"multiply 5, 1, and 14 together, then subtract 17, then add 16."
(8 + 28) * 22 - (29 + 39),"add 8 and 28, multiply that by 22, then subtract the sum of 29 and 39."
(44 + 21) * (32 + 29) - 5,"add 44 and 21, add 32 and 29, multiply the sums, then subtract 5."
(32 * (5 - 50)) + 24,"subtract 50 from 5, multiply that by 32, then add 24."
44 * 22 + 28 - 14,"multiply 44 by 22, then add 28, then subtract 14."
11 * 23 * 20 - 5 + 10,"multiply 11, 23, and 20 together, then subtract 5, then add 10."
((28 + 29 + 33) - 11) * 8,"add 28, 29, and 33, subtract 11 from that sum, then multiply the result by 8."
((10 - 25) * (11 - 50)),"take 10 minus 25, take 11 minus 50, then multiply the two results."
24 * (26 + 42) + 28,"add 26 and 42, multiply that by 24, then add 28."
(35 - 9) * (33 + 36) + 34,"subtract 9 from 35, add 33 and 36, multiply the two results, then add 34."
(31 + 47) + (9 * 11) - 32,"add 31 and 47, multiply 9 by 11, add the results, then subtract 32."
(23 * 42) - (38 + 18),"multiply 23 by 42, then subtract the sum of 38 and 18."
(17 - 8) * (36 + 28) + 31,"subtract 8 from 17, add 36 and 28, multiply the two results, then add 31."
(10 * (42 + 47)) - 30,"add 42 and 47, multiply that by 10, then subtract 30."
(10 + 18) * (40 + 13) - 47,"add 10 and 18, add 40 and 13, multiply the sums, then subtract 47."
26 * 26 + 15 - 29,"multiply 26 by 26, then add 15, then subtract 29."
((12 - 2) * (6 - 15)),"take 12 minus 2, take 6 minus 15, then multiply the two results."
((34 + 11 + 15) - 19) * 11,"add 34, 11, and 15, subtract 19 from that sum, then multiply the result by 11."
(30 * 13) - (10 + 25),"multiply 30 by 13, then subtract the sum of 10 and 25."
((33 + 18 + 30) - 36) * 17,"add 33, 18, and 30, subtract 36 from that sum, then multiply the result by 17."
(39 * (43 + 30)) - 11,"add 43 and 30, multiply that by 39, then subtract 11."
(14 + 24) + (20 * 15) - 34,"add 14 and 24, multiply 20 by 15, add the results, then subtract 34."
(41 - 48) * (36 + 44) + 10,"subtract 48 from 41, add 36 and 44, multiply the two results, then add 10."
(50 + 33) * (37 + 14) - 11,"add 50 and 33, add 37 and 14, multiply the sums, then subtract 11."
(44 * 21) - (45 + 41),"multiply 44 by 21, then subtract the sum of 45 and 41."
(15 * (12 - 5)) + 22,"subtract 5 from 12, multiply that by 15, then add 22."
(20 * 28) - (22 + 15),"multiply 20 by 28, then subtract the sum of 22 and 15."
(37 * (44 - 41)) + 35,"subtract 41 from 44, multiply that by 37, then add 35."
(18 * (11 - 30)) + 29,"subtract 30 from 11, multiply that by 18, then add 29."
(7 + 6) * (29 - 22) + 46,"add 7 and 6, subtract 22 from 29, multiply the two results, then add 46."
(12 + 47) * (11 - 8) + 16,"add 12 and 47, subtract 8 from 11, multiply the two results, then add 16."
(25 * (35 - 3)) + 13,"subtract 3 from 35, multiply that by 25, then add 13."
20 * 23 * 15 - 6 + 14,"multiply 20, 23, and 15 together, then subtract 6, then add 14."
17 * (41 + 28) + 11,"add 41 and 28, multiply that by 17, then add 11."
45 * 37 + 35 - 19,"multiply 45 by 37, then add 35, then subtract 19."
50 * (20 + 33) + 37,"add 20 and 33, multiply that by 50, then add 37."
(1 + 35) * (7 + 20) - 12,"add 1 and 35, add 7 and 20, multiply the sums, then subtract 12."
((31 + 38) * (10 + 37)),"add 31 and 38, add 10 and 37, then multiply the two results."
(2 + (43 * 44)) - 31,"multiply 43 by 44, add 2 to that, then subtract 31."
51 + 25 + 18 + 15 + 27,"add 51, 25, 18, 15, and 27."
(38 + 40) * (11 + 44) - 20,"add 38 and 40, add 11 and 44, multiply the sums, then subtract 20."
(20 * 5 * 15) + 19,"multiply 20, 5, and 15 together, then add 19."
(1 + 7) * (31 + 5) - 3,"add 1 and 7, add 31 and 5, multiply the sums, then subtract 3."
(7 + (9 * 19)) - 6,"multiply 9 by 19, add 7 to that, then subtract 6."
(27 + 9 + 17) * 4 - 16,"add 27, 9, and 17, multiply that sum by 4, then subtract 16."
(42 + 18) * (12 - 16) + 1,"add 42 and 18, subtract 16 from 12, multiply the two results, then add 1."
(30 * (21 - 25)) + 29,"subtract 25 from 21, multiply that by 30, then add 29."
(25 + 6) * (20 - 29) + 20,"add 25 and 6, subtract 29 from 20, multiply the two results, then add 20."
(28 * 27 * 30) + 2,"multiply 28, 27, and 30 together, then add 2."
((48 - 23) * (26 - 3)),"take 48 minus 23, take 26 minus 3, then multiply the two results."
(16 + 10) * 4 - (28 + 1),"add 16 and 10, multiply that by 4, then subtract the sum of 28 and 1."
47 * (28 + 41) + 40,"add 28 and 41, multiply that by 47, then add 40."
(39 + 29) * 7 - (33 + 38),"add 39 and 29, multiply that by 7, then subtract the sum of 33 and 38."
57 + 43 + 50 + 33 + 37,"add 57, 43, 50, 33, and 37."
(36 + 32) * (5 - 32) + 5,"add 36 and 32, subtract 32 from 5, multiply the two results, then add 5."
(10 * 1 * 10) + 6,"multiply 10, 1, and 10 together, then add 6."
(15 * (42 + 13)) - 14,"add 42 and 13, multiply that by 15, then subtract 14."
(29 + 21 + 11) * 36 - 40,"add 29, 21, and 11, multiply that sum by 36, then subtract 40."
(38 + 1 + 40) * 39 - 37,"add 38, 1, and 40, multiply that sum by 39, then subtract 37."
25 * (30 + 18) + 30,"add 30 and 18, multiply that by 25, then add 30."
(15 * (22 - 4)) + 46,"subtract 4 from 22, multiply that by 15, then add 46."
